x1,x2,x3,x4,x5,x6,x7,x8,target
50.1341,-326,SAT,MZBER,0,0,6,-6.5,0
50.1341,-326,SAT,MZBER,0,0,6,-4.5,0
124.32759999999999,-275.1935,LCV,MZBER,0,0,3,-2.5,0
50.1341,-326,SAT,MZBER,0,0,3,-4.5,0
85.3905,-298.8632,XJB,MZBER,0,0,5,-4.5,0
102.15719999999999,-282.6474,LCV,MZBER,0,0,3,-3.5,0
117.53630000000001,-285.5787,XJB,MZBER,0,0,3,-3.5,0
83.910699999999991,-302.1525,QKP,MZBER,0,0,3,-5.5,0
125.13409999999999,-288.5,SAT,MZBER,0,0,4,-5.5,0
120.40439999999998,-301.6757,SAT,MZBER,0,0,3,-6.5,0
119.225,-316.9091,LCV,MZBER,0,0,5,-7.5,0
86.366,-291.2174,LCV,MZBER,0,0,3,-6.5,0
101.1831,-288.9371,LCV,MZBER,0,0,3,-6.5,0
50.1341,-326,SAT,MZBER,0,0,6,-7.5,0
102.51509999999999,-292.6667,SAT,MZBER,0,0,3,-3.5,0
86.4977,-312.3636,SAT,MZBER,0,0,3,-2.5,0
50.1341,-326,LCV,MZBER,0,0,3,-7.5,0
90.134099999999989,-282.6667,LCV,MZBER,0,0,3,-4.5,0
108.29739999999998,-279.0612,XJB,MZBER,0,0,3,-7.5,0
110.8083,-297.9101,LCV,MZBER,0,0,3,-7.5,0
84.204299999999989,-295.0533,QKP,MZBER,0,0,3,-7.5,0
109.62780000000001,-293.0886,SAT,MZBER,0,0,5,-5.5,0
92.4418,-293.94870000000003,LCV,MZBER,0,0,3,-4.5,0
83.4674,-310.4444,SAT,MZBER,0,0,3,-6.5,0
125.99619999999999,-294.9655,LCV,MZBER,0,0,3,-5.5,0
100.13409999999999,-311,LCV,MZBER,0,0,3,-5.5,0
50.1341,-326,SAT,MZBER,0,0,6,-7.5,0
98.134099999999989,-292,LCV,MZBER,0,0,3,-1.5,0
113.292,-297.9298,LCV,MZBER,0,0,3,-7.5,0
113.5144,-295.0141,LCV,MZBER,0,0,3,-5.5,0
92.991199999999992,-297.4286,SAT,MZBER,0,0,3,-2.5,0
114.5409,-290.4068,LCV,MZBER,0,0,4,-5.5,0
94.578499999999991,-259.3333,SAT,MZBER,0,0,3,-5.5,0
112.8792,-294.6275,LCV,MZBER,0,0,3,-6.5,0
122.5341,-310.4,XJB,PQKE,0,1,3,-5.5,1
150.1341,-242.6667,SAT,MZBER,0,0,4,-7.5,0
50.1341,-326,QKP,MZBER,0,0,3,-6.5,0
113.88409999999999,-291,LCV,MZBER,0,0,3,-4.5,0
123.55179999999999,-277.8987,LCV,MZBER,0,0,3,-5.5,0
128.7055,-290.2857,SAT,MZBER,0,0,3,-6.5,0
107.27699999999999,-291.7143,LCV,MZBER,0,0,3,-6.5,0
103.7926,-286.9756,LCV,MZBER,0,0,3,-6.5,0
50.1341,-326,SAT,MZBER,0,0,6,-5.5,0
100.13409999999999,-291.493,LCV,MZBER,0,0,3,-5.5,0
63.4674,-316,LCV,MZBER,0,0,3,-5.5,0
150.1341,-326,SAT,MZBER,0,0,3,-4.5,0
119.47720000000001,-280.7445,LCV,MZBER,0,0,3,-5.5,0
88.0651,-298.4138,LCV,MZBER,0,0,3,-3.5,0
106.6558,-276,SAT,MZBER,1,0,5,-5.5,0
103.7055,-304.5714,LCV,MZBER,0,0,3,-6.5,0
113.9639,-288.766,LCV,MZBER,0,0,3,-6.5,0
50.1341,-326,SAT,MZBER,0,0,6,-7.5,0
105.6897,-284.3333,LCV,MZBER,0,0,3,-4.5,0
136.92659999999998,-290.1509,LCV,MZBER,0,0,3,-4.5,0
118.81630000000001,-315.9225,XJB,PQKE,0,0,3,-3.5,0
50.1341,-326,SAT,MZBER,0,0,6,-7.5,0
124.0471,-286.8696,LCV,MZBER,0,0,3,-3.5,0
91.1039,-288.26279999999997,QKP,MZBER,0,0,3,-5.5,0
98.41,-312.2069,SAT,MZBER,0,0,3,-5.5,0
82.6642,-305.5181,LCV,YEQA,0,0,3,-3.5,0
97.8614,-285.09090000000003,SAT,MZBER,0,0,3,-3.5,0
71.1018,-309.871,LCV,MZBER,0,0,5,-6.5,0
88.8438,-272.7742,LCV,MZBER,0,0,3,-4.5,0
114.7629,-293.2489,XJB,MZBER,0,0,3,-7.5,0
121.725,-282.8182,LCV,MZBER,0,0,4,-4.5,0
150.1341,-326,SAT,MZBER,0,1,3,-4.5,0
83.4674,-259.3333,SAT,MZBER,0,0,3,-4.5,0
50.1341,-326,SAT,MZBER,0,0,6,-7.5,0
100.13409999999999,-326,SAT,MZBER,0,0,6,-6.5,0
108.523,-284.64549999999997,QKP,MZBER,0,1,3,-4.5,0
105.16059999999999,-295.4444,XJB,MZBER,0,0,3,-5.5,0
115.27169999999998,-277.3761,LCV,MZBER,0,0,3,-2.5,0
84.7495,-306.7692,SAT,MZBER,0,0,5,-7.5,0
122.8614,-271.4545,SAT,MZBER,0,1,3,-7.5,0
115.53199999999998,-280.6713,XJB,MZBER,0,0,3,-2.5,0
106.0165,-293.0415,QKP,MZBER,0,0,3,-4.5,0
110.5301,-287.3861,LCV,MZBER,0,0,3,-4.5,0
100.13409999999999,-259.3333,SAT,MZBER,0,0,3,-6.5,0
50.1341,-326,SAT,MZBER,0,0,3,-6.5,0
60.2924,-319.0739,XJB,MZBER,0,0,3,-7.5,0
113.7705,-280.5455,LCV,MZBER,0,0,3,-2.5,0
74.32759999999999,-322.7742,LCV,MZBER,0,0,6,-3.5,0
120.3469,-291.9574,SAT,MZBER,0,0,3,-5.5,0
116.80080000000001,-259.3333,SAT,MZBER,0,0,3,-6.5,0
50.1341,-326,LCV,MZBER,0,0,3,-4.5,0
123.0455,-274.6076,XJB,MZBER,0,0,3,-2.5,0
119.54589999999999,-271.8824,LCV,MZBER,0,0,3,-7.5,0
97.5025,-310.2105,SAT,MZBER,0,0,3,-4.5,0
91.4384,-276,SAT,MZBER,0,0,3,-5.5,1
98.852,-292.6667,SAT,MZBER,0,0,3,-4.5,0
50.1341,-326,SAT,MZBER,0,0,6,-7.5,0
126.3931,-290.0288,LCV,MZBER,0,1,3,-3.5,0
50.1341,-326,LCV,MZBER,0,0,3,-7.5,0
117.8015,-291.5889,XJB,MZBER,0,1,3,-6.5,0
99.7354,-301.1196,XJB,MZBER,0,0,3,-3.5,0
127.13669999999999,-289.1783,XJB,MZBER,0,0,3,-7.5,0
57.277,-311.7143,SAT,MZBER,0,0,6,-5.5,0
102.51509999999999,-289.4921,LCV,MZBER,0,0,3,-6.5,0
106.9968,-296.58820000000003,LCV,MZBER,0,0,3,-5.5,0
103.25909999999999,-281.2083,LCV,MZBER,0,0,4,-5.5,0
106.5395,-263.7288,QKP,MZBER,0,0,3,-7.5,0
111.9898,-293.01030000000003,LCV,MZBER,0,0,3,-5.5,0
114.09449999999998,-313.7228,QKP,MZBER,0,0,3,-4.5,0
99.44919999999999,-321.8904,LCV,MZBER,0,0,3,-4.5,0
99.8073,-297.2418,LCV,MZBER,0,0,3,-6.5,0
50.1341,-326,SAT,MZBER,0,0,3,-4.5,0
105.6897,-292.6667,SAT,MZBER,0,0,3,-5.5,0
95.225,-297.2727,LCV,MZBER,0,0,3,-3.5,0
104.96279999999999,-288.3053,XJB,YEQA,0,0,3,-3.5,0
50.1341,-326,SAT,MZBER,0,0,3,-7.5,0
50.1341,-326,SAT,MZBER,0,0,3,-7.5,0
115.8484,-291.7143,LCV,MZBER,0,0,3,-2.5,0
112.63409999999999,-304.5714,LCV,MZBER,0,0,5,-5.5,0
125.13409999999999,-284.3333,SAT,MZBER,0,0,3,-2.5,0
76.9634,-296.7317,LCV,MZBER,0,0,3,-5.5,0
116.4384,-304.2609,LCV,MZBER,0,0,5,-6.5,0
116.0915,-306.8511,SAT,MZBER,0,0,3,-6.5,0
109.225,-313.8788,LCV,YEQA,1,0,3,-3.5,0
88.8008,-294,LCV,MZBER,0,0,3,-5.5,0
150.1341,-326,SAT,MZBER,0,0,6,-7.5,0
116.51339999999999,-276,LCV,MZBER,0,0,3,-5.5,0
116.17179999999999,-288.2642,LCV,MZBER,0,0,3,-3.5,0
85.6413,-299.913,LCV,MZBER,0,0,4,-5.5,0
119.8589,-292.9725,LCV,MZBER,0,0,3,-5.5,0
100.13409999999999,-314.3333,LCV,MZBER,0,0,4,-6.5,0
72.009099999999989,-313.5,SAT,MZBER,0,0,3,-2.5,0
85.8484,-297.4286,SAT,MZBER,0,0,3,-5.5,0
50.1341,-326,SAT,MZBER,0,0,6,-7.5,0
115.2465,-288.0316,QKP,MZBER,0,0,3,-4.5,0
125.89169999999999,-289.6364,SAT,MZBER,0,0,5,-4.5,0
89.023,-309.3333,SAT,MZBER,0,0,5,-7.5,0
111.4977,-297.5909,LCV,MZBER,0,0,3,-6.5,0
110.13409999999999,-299.3333,SAT,MZBER,0,0,5,-4.5,0
50.1341,-326,SAT,MZBER,0,1,6,-7.5,0
118.6825,-296.1613,LCV,MZBER,0,0,3,-7.5,0
97.70689999999999,-324.0583,LCV,MZBER,0,1,3,-7.5,0
104.6796,-286.6061,LCV,MZBER,1,0,3,-5.5,0
113.4153,-306.4688,LCV,MZBER,0,0,6,-4.5,0
98.5212,-309.871,SAT,MZBER,0,0,3,-7.5,0
91.9523,-307.8182,LCV,MZBER,0,0,3,-6.5,0
99.7524,-276.3817,LCV,MZBER,0,0,3,-5.5,0
95.950799999999987,-291.3386,XJB,MZBER,0,0,3,-3.5,0
104.7733,-310.5361,LCV,MZBER,0,0,3,-5.5,0
130.1341,-326,SAT,MZBER,0,1,6,-6.5,0
103.8975,-301.2688,LCV,MZBER,0,0,3,-4.5,0
120.8546,-305.4328,QKP,PQKE,0,0,3,-1.5,0
139.225,-266,LCV,MZBER,0,0,3,-6.5,0
113.9136,-284.0709,XJB,MZBER,0,1,3,-7.5,0
98.8183,-319.4211,LCV,MZBER,0,0,3,-6.5,0
121.1867,-291.7895,SAT,MZBER,0,0,3,-4.5,0
118.13409999999999,-298,SAT,MZBER,0,0,3,-7.5,0
107.1,-300.3034,XJB,MZBER,0,0,3,-4.5,0
109.9702,-295.6721,LCV,MZBER,0,0,3,-7.5,0
120.58859999999999,-285.65909999999997,LCV,MZBER,0,0,4,-2.5,0
117.2073,-277.2195,LCV,MZBER,0,0,3,-6.5,0
98.259099999999989,-294.75,LCV,MZBER,0,0,4,-6.5,1
94.578499999999991,-296.6349,LCV,MZBER,0,0,3,-5.5,0
116.80080000000001,-300.2138,LCV,MZBER,0,0,3,-5.5,0
105.5187,-295.2308,LCV,MZBER,0,0,3,-5.5,0
95.032099999999986,-270.898,LCV,MZBER,0,0,3,-1.5,0
96.287900000000008,-295.2308,SAT,MZBER,0,0,3,-5.5,0
102.6982,-296.51279999999997,LCV,MZBER,0,0,3,-4.5,0
120.44659999999999,-269.75,SAT,MZBER,0,0,4,-6.5,0
121.739,-288.963,LCV,MZBER,0,0,3,-5.5,0
80.5689,-317.3043,SAT,MZBER,0,0,6,-5.5,0
134.3861,-292.1417,LCV,MZBER,0,0,3,-5.5,0
50.1341,-326,SAT,MZBER,0,0,3,-7.5,0
101.61919999999999,-294.3168,LCV,MZBER,0,0,5,-5.5,0
110.13409999999999,-281,SAT,MZBER,0,0,3,-5.5,0
109.0488,-294.0233,QKP,MZBER,0,0,3,-3.5,0
133.855,-288.7907,SAT,MZBER,0,0,3,-5.5,0
97.5917,-306.5085,LCV,MZBER,0,0,3,-5.5,0
100.13409999999999,-306.8824,LCV,MZBER,0,0,3,-4.5,0
50.1341,-326,SAT,MZBER,0,0,3,-5.5,0
150.1341,-326,SAT,MZBER,0,0,3,-5.5,0
100.13409999999999,-318.5,SAT,MZBER,0,0,3,-7.5,0
127.49259999999998,-309.01890000000003,LCV,MZBER,0,0,3,-4.5,0
111.67259999999999,-310.6154,SAT,MZBER,0,0,6,-5.5,0
107.54149999999998,-287.1111,LCV,MZBER,0,0,3,-7.5,0
83.85499999999999,-309.1395,LCV,MZBER,0,0,3,-5.5,0
105.6897,-288.963,SAT,MZBER,0,0,3,-7.5,0
108.95759999999999,-303.9412,LCV,MZBER,0,0,3,-5.5,0
117.78120000000001,-314.2353,SAT,MZBER,0,0,3,-7.5,0
86.4418,-299.2308,XJB,MZBER,0,0,6,-6.5,0
118.05859999999998,-297.6981,LCV,MZBER,0,0,3,-7.5,0
113.7705,-244.1818,SAT,MZBER,0,0,3,-3.5,0
112.4718,-290.9351,LCV,MZBER,0,0,3,-5.5,0
145.3722,-297.4286,SAT,MZBER,0,0,3,-6.5,0
50.1341,-326,SAT,MZBER,0,0,6,-7.5,0
72.2652,-307.9672,LCV,MZBER,0,0,4,-6.5,0
105.9033,-304.8462,SAT,MZBER,0,0,3,-6.5,0
116.80080000000001,-326,SAT,MZBER,0,0,6,-5.5,0
119.2681,-284.9933,QKP,YEQA,0,0,3,-1.5,0
110.9988,-310.7007,XJB,PQKE,0,0,3,-4.5,0
98.41,-308.7586,SAT,MZBER,0,0,3,-7.5,0
75.666,-302.5957,SAT,MZBER,0,0,3,-6.5,0
89.669,-308.3256,XJB,YEQA,0,0,3,-2.5,0
112.9248,-293.4419,SAT,MZBER,0,0,3,-4.5,0
50.1341,-326,LCV,MZBER,0,0,3,-7.5,0
87.8699,-288.2642,SAT,MZBER,0,0,3,-6.5,1
88.59559999999999,-279.8462,SAT,MZBER,0,0,3,-3.5,0
50.1341,-326,SAT,MZBER,0,0,3,-4.5,0
122.3563,-303.7778,LCV,MZBER,0,0,3,-7.5,0
105.19359999999999,-306.9524,XJB,MZBER,0,0,3,-3.5,0
84.6169,-298.4138,SAT,MZBER,0,0,3,-3.5,0
100.13409999999999,-292.6667,SAT,PQKE,0,0,3,-4.5,0
105.87180000000001,-298.1311,LCV,MZBER,0,0,3,-5.5,0
114.44659999999999,-283.0999,QKP,YEQA,0,0,4,-1.5,0
50.1341,-326,XJB,MZBER,0,0,3,-5.5,0
105.6897,-292.6667,SAT,MZBER,0,0,3,-6.5,0
59.224999999999994,-321.5437,SAT,MZBER,0,0,3,-3.5,0
119.83109999999999,-293.6768,LCV,PQKE,1,0,3,-1.5,0
105.9033,-281.7692,LCV,MZBER,0,0,3,-7.5,0
117.8264,-312.6667,LCV,MZBER,0,0,3,-4.5,0
117.78120000000001,-308.3529,SAT,MZBER,0,0,3,-5.5,0
134.8632,-308.5123,QKP,PQKE,0,0,3,-1.5,0
95.277,-288.8571,LCV,MZBER,0,0,3,-6.5,0
94.961700000000008,-305.3103,SAT,MZBER,0,0,3,-5.5,0
120.80080000000001,-290,LCV,MZBER,0,0,5,-5.5,0
150.1341,-276,SAT,MZBER,0,0,3,-7.5,0
110.13409999999999,-279.3333,SAT,MZBER,0,0,3,-2.5,0
109.9279,-284.7629,LCV,MZBER,0,0,3,-3.5,0
135.6604,-268.1053,LCV,MZBER,0,0,3,-4.5,0
100.13409999999999,-311.7143,SAT,MZBER,0,0,3,-3.5,0
109.45609999999999,-273.4576,LCV,MZBER,0,0,3,-5.5,0
105.9623,-284.589,XJB,MZBER,0,0,3,-4.5,0
72.744,-312.498,QKP,MZBER,0,1,3,-6.5,0
136.80079999999998,-286,SAT,MZBER,0,0,3,-6.5,0
77.0572,-306.7692,SAT,MZBER,0,0,3,-5.5,0
141.2845,-302.9912,LCV,MZBER,0,0,3,-3.5,0
94.03649999999999,-284.5366,SAT,MZBER,0,0,3,-1.5,0
93.1859,-292.6213,XJB,MZBER,0,0,5,-4.5,0
116.13409999999999,-304,LCV,MZBER,0,0,3,-6.5,0
106.9341,-290.8,LCV,MZBER,0,0,3,-5.5,0
78.7055,-297.4286,SAT,MZBER,0,0,4,-5.5,0
133.4674,-292.6667,SAT,MZBER,0,0,3,-7.5,0
103.9803,-286,LCV,MZBER,0,0,3,-3.5,0
50.1341,-326,SAT,MZBER,0,0,3,-6.5,0
134.74949999999998,-291.3846,SAT,MZBER,0,0,3,-3.5,0
111.79419999999999,-301.8893,XJB,MZBER,0,0,3,-6.5,0
122.42329999999998,-289.85540000000003,LCV,MZBER,0,0,3,-6.5,0
114.94889999999998,-299.1481,LCV,MZBER,0,0,3,-7.5,0
109.02669999999999,-303.8523,QKP,MZBER,0,0,3,-4.5,0
50.1341,-326,SAT,MZBER,0,0,3,-7.5,0
125.41499999999999,-292.2921,LCV,MZBER,0,0,3,-5.5,0
105.6897,-305.0123,LCV,YEQA,1,0,3,-4.5,1
101.0669,-292.41790000000003,XJB,MZBER,0,0,5,-7.5,0
108.7982,-285.05129999999997,QKP,MZBER,0,0,3,-2.5,0
80.134099999999989,-321,SAT,MZBER,0,0,3,-4.5,0
127.73830000000001,-287.9792,XJB,MZBER,0,0,3,-6.5,0
89.8692,-296.8609,LCV,MZBER,0,0,3,-4.5,0
108.67070000000001,-302.8293,LCV,MZBER,0,0,3,-2.5,0
117.4068,-296.9091,LCV,MZBER,0,0,3,-4.5,0
84.108499999999992,-307.7308,XJB,MZBER,0,0,3,-6.5,0
109.47479999999999,-298.5275,LCV,MZBER,0,0,3,-6.5,0
80.9033,-310.6154,SAT,MZBER,0,0,3,-6.5,0
102.96430000000001,-290.1509,LCV,MZBER,0,0,6,-4.5,0
115.7218,-289.2027,XJB,MZBER,0,0,3,-3.5,0
50.1341,-326,SAT,MZBER,0,0,3,-2.5,0
104.3008,-301,SAT,MZBER,0,0,3,-5.5,0
104.5146,-295.3367,QKP,MZBER,0,0,3,-2.5,0
113.6758,-286.4167,LCV,MZBER,0,0,3,-6.5,0
141.8801,-304.7302,XJB,MZBER,0,0,3,-5.5,0
106.43039999999999,-286,LCV,MZBER,0,0,3,-5.5,0
97.2062,-297.6216,XJB,MZBER,0,0,3,-3.5,0
118.88409999999999,-297.875,SAT,MZBER,0,0,4,-6.5,0
50.1341,-326,SAT,MZBER,0,0,3,-6.5,0
100.13409999999999,-296.6897,LCV,MZBER,0,0,3,-4.5,0
122.9411,-281.7018,XJB,MZBER,0,0,3,-6.5,0
112.5401,-287.65409999999997,LCV,MZBER,0,0,3,-5.5,0
107.82639999999999,-283.6923,LCV,MZBER,0,0,3,-4.5,0
111.0094,-296.2918,XJB,MZBER,0,0,3,-3.5,0
80.6219,-305.6748,XJB,MZBER,0,0,3,-5.5,0
76.3967,-304.2828,LCV,MZBER,0,0,3,-3.5,0
91.562699999999992,-288.8571,LCV,MZBER,0,0,3,-3.5,0
67.6166,-314.8112,LCV,MZBER,0,0,3,-3.5,0
50.1341,-326,SAT,MZBER,0,0,3,-6.5,0
110.13409999999999,-290,LCV,MZBER,0,0,3,-3.5,0
108.57570000000001,-290.9351,LCV,MZBER,0,0,5,-4.5,0
85.5508,-298.9167,LCV,MZBER,0,0,6,-5.5,0
50.1341,-326,SAT,MZBER,0,0,6,-7.5,0
101.8195,-303.5281,LCV,MZBER,0,0,3,-5.5,0
88.8202,-294.6131,SAT,MZBER,0,0,4,-5.5,0
109.5936,-288.1622,SAT,MZBER,0,1,3,-4.5,0
94.578499999999991,-310.2593,LCV,MZBER,1,0,3,-5.5,0
50.1341,-326,LCV,MZBER,0,0,3,-4.5,0
90.2284,-282.6038,XJB,MZBER,0,0,3,-5.5,0
103.4674,-303.7778,SAT,MZBER,0,0,3,-5.5,0
113.5487,-272.3415,SAT,MZBER,0,0,3,-4.5,0
103.0753,-278.9412,SAT,MZBER,0,0,3,-5.5,0
106.11240000000001,-284.1522,LCV,MZBER,0,0,3,-7.5,0
103.55879999999999,-299.9726,LCV,MZBER,0,0,3,-3.5,0
112.0389,-283.1429,SAT,MZBER,0,0,3,-7.5,0
111.6987,-272.2585,XJB,MZBER,0,0,3,-3.5,0
150.1341,-326,SAT,MZBER,0,0,3,-3.5,0
79.0815,-318.1053,LCV,MZBER,0,0,3,-6.5,0
103.0753,-280.8128,XJB,MZBER,0,0,3,-6.5,0
120.923,-295.2964,XJB,MZBER,0,0,3,-5.5,0
141.8008,-292.6667,SAT,MZBER,0,0,5,-7.5,0
78.7055,-311.7143,SAT,MZBER,0,0,3,-6.5,0
114.285,-293.9245,LCV,MZBER,0,0,3,-7.5,0
109.1702,-319.9759,LCV,MZBER,0,0,3,-7.5,0
106.5444,-297.7949,SAT,MZBER,0,0,3,-4.5,0
50.1341,-326,SAT,MZBER,0,0,6,-7.5,0
136.80079999999998,-299.3333,SAT,MZBER,0,0,3,-5.5,0
117.25739999999999,-294.4932,LCV,MZBER,0,0,3,-5.5,0
119.57849999999999,-280.1667,LCV,MZBER,0,0,3,-6.5,0
104.1882,-317.8919,SAT,MZBER,0,0,3,-6.5,0
131.8545,-299.1183,LCV,MZBER,0,0,3,-3.5,0
120.56889999999999,-294.6957,LCV,MZBER,0,0,4,-5.5,0
89.5069,-294.9895,XJB,MZBER,0,0,3,-5.5,0
116.04319999999998,-294.1818,LCV,MZBER,0,0,3,-5.5,0
82.4258,-298.9167,LCV,MZBER,0,0,3,-5.5,0
109.31779999999999,-299.4694,LCV,MZBER,0,0,3,-2.5,0
115.35149999999999,-297.7391,SAT,MZBER,0,0,3,-6.5,0
108.02879999999999,-308.8947,LCV,MZBER,0,0,3,-6.5,0
111.49,-285.322,XJB,MZBER,1,0,3,-4.5,1
111.8988,-299.5294,SAT,MZBER,0,1,3,-6.5,0
121.34620000000001,-297.2121,LCV,MZBER,0,0,5,-7.5,0
96.4028,-302.1194,LCV,MZBER,0,0,3,-4.5,0
60.3703,-323.2441,LCV,MZBER,0,0,3,-7.5,0
124.60220000000001,-294.0851,SAT,PQKE,0,0,3,-6.5,0
107.7099,-274.4848,LCV,MZBER,0,0,3,-6.5,0
96.2015,-319.2584,LCV,MZBER,0,0,3,-5.5,0
86.4977,-315.3939,LCV,MZBER,0,0,4,-4.5,0
129.3008,-321.8333,SAT,MZBER,0,0,3,-7.5,0
117.2073,-305.2683,LCV,MZBER,0,0,3,-7.5,0
91.5774,-297.75260000000003,XJB,MZBER,0,0,3,-5.5,0
68.3159,-307.8182,SAT,MZBER,0,0,3,-2.5,0
106.29849999999999,-291.7534,LCV,MZBER,0,0,3,-3.5,0
100.13409999999999,-306,SAT,MZBER,0,0,3,-4.5,0
100.13409999999999,-326,SAT,MZBER,0,0,3,-6.5,0
111.78819999999999,-279.3835,LCV,MZBER,0,0,3,-7.5,0
90.134099999999989,-296,SAT,MZBER,0,0,6,-6.5,0
105.9033,-297.1538,LCV,MZBER,0,0,3,-6.5,0
88.59559999999999,-308.6923,LCV,MZBER,0,0,6,-5.5,0
113.7809,-287.5826,XJB,MZBER,0,0,3,-6.5,0
113.292,-301.4386,LCV,MZBER,0,0,3,-4.5,0
81.8414,-300.3902,LCV,MZBER,0,0,3,-5.5,0
118.88409999999999,-295.7917,LCV,MZBER,0,1,3,-7.5,0
106.7379,-295.8113,LCV,MZBER,0,0,4,-7.5,0
93.8123,-280.023,LCV,MZBER,0,0,3,-3.5,0
109.1505,-310.4262,LCV,MZBER,0,0,3,-6.5,0
114.41980000000001,-303.6786,LCV,MZBER,0,0,3,-7.5,0
95.33959999999999,-296.5479,LCV,MZBER,0,0,3,-3.5,0
135.8484,-326,SAT,MZBER,0,0,6,-7.5,0
50.1341,-326,SAT,MZBER,0,0,3,-2.5,0
105.49119999999999,-276,LCV,MZBER,0,0,3,-7.5,0
135.8484,-275.2063,LCV,MZBER,0,0,3,-4.5,0
124.13409999999999,-286,LCV,MZBER,0,0,3,-5.5,0
109.8356,-306.597,LCV,MZBER,0,0,3,-5.5,0
119.3649,-277.9231,LCV,MZBER,0,0,3,-4.5,0
105.47389999999999,-292.0194,LCV,MZBER,0,0,3,-3.5,0
113.3416,-299.5849,LCV,MZBER,0,0,3,-4.5,0
115.56620000000001,-285.2593,LCV,MZBER,0,0,3,-3.5,0
50.1341,-326,SAT,MZBER,0,0,6,-3.5,0
129.5459,-264.2353,SAT,MZBER,0,0,3,-7.5,0
112.49369999999999,-295.6629,LCV,MZBER,0,0,3,-7.5,0
99.225,-306,LCV,MZBER,0,0,3,-7.5,0
107.63409999999999,-290.1667,LCV,MZBER,0,0,3,-3.5,0
112.99119999999999,-289.8095,LCV,MZBER,0,0,3,-5.5,0
80.9033,-326,SAT,MZBER,0,0,3,-7.5,0
112.0389,-273.619,SAT,MZBER,0,0,3,-6.5,0
119.96459999999999,-293.4576,XJB,MZBER,0,0,3,-4.5,0
97.960199999999986,-291.2174,SAT,MZBER,0,0,3,-3.5,0
98.134099999999989,-278,SAT,PQKE,0,0,3,-4.5,0
109.64329999999998,-292.2577,LCV,MZBER,0,0,3,-7.5,0
103.0077,-285.7701,LCV,MZBER,0,0,3,-6.5,0
126.13409999999999,-302,LCV,MZBER,0,0,3,-3.5,0
141.04319999999998,-289.6364,SAT,MZBER,0,0,3,-6.5,0
120.72229999999999,-301,LCV,MZBER,0,0,4,-6.5,0
68.0933,-312.12239999999997,LCV,MZBER,0,0,6,-3.5,0
100.13409999999999,-294.3333,LCV,MZBER,0,0,3,-4.5,0
50.1341,-326,SAT,MZBER,0,0,3,-4.5,0
98.134099999999989,-312,LCV,MZBER,0,0,3,-6.5,0
120.8888,-296.7547,XJB,MZBER,0,0,3,-4.5,0
96.287900000000008,-293.3077,LCV,MZBER,0,0,4,-5.5,0
104.9802,-293.2178,QKP,MZBER,0,0,3,-7.5,0
81.134099999999989,-317,LCV,MZBER,0,0,3,-5.5,0
83.4674,-326,SAT,MZBER,0,0,3,-6.5,0
99.7404,-295.2913,LCV,MZBER,0,0,3,-4.5,0
91.63069999999999,-306.2721,LCV,MZBER,0,0,3,-5.5,0
78.7055,-305.7619,SAT,MZBER,0,0,5,-4.5,0
97.4068,-304.1818,LCV,MZBER,0,0,3,-7.5,0
93.8427,-292.2252,LCV,MZBER,0,0,5,-5.5,0
91.961,-290.4231,LCV,MZBER,0,0,4,-3.5,0
50.1341,-326,SAT,MZBER,0,0,6,-7.5,0
85.5771,-308.2785,LCV,MZBER,0,0,3,-7.5,0
119.62559999999999,-288.7119,LCV,MZBER,0,0,3,-2.5,0
126.7885,-295.6691,QKP,MZBER,1,0,3,-2.5,1
89.4555,-297.8563,QKP,MZBER,0,0,3,-4.5,0
129.1257,-315.0756,LCV,MZBER,0,0,3,-5.5,0
104.3008,-292.6667,SAT,MZBER,0,0,3,-6.5,0
101.2969,-315.5349,LCV,MZBER,0,0,3,-5.5,0
132.049,-278.1277,LCV,MZBER,0,0,3,-6.5,0
75.134099999999989,-301,SAT,MZBER,0,0,6,-7.5,0
134.5497,-287.039,LCV,MZBER,0,0,3,-5.5,0
110.9129,-313.5282,QKP,PQKE,0,0,3,-3.5,0
50.1341,-326,SAT,MZBER,0,0,3,-6.5,0
73.928,-311.307,LCV,MZBER,0,0,5,-6.5,0
78.9477,-288.7119,LCV,MZBER,0,0,4,-4.5,0
112.20309999999999,-281.1724,LCV,MZBER,0,0,3,-5.5,0
138.90189999999998,-288.1713,QKP,MZBER,0,0,3,-4.5,0
111.24519999999998,-298.2222,SAT,MZBER,0,0,3,-6.5,0
50.1341,-326,SAT,MZBER,0,0,3,-6.5,0
50.1341,-326,SAT,MZBER,0,0,3,-5.5,0
73.0823,-321.7769,XJB,MZBER,0,0,3,-4.5,0
50.1341,-326,SAT,MZBER,0,0,6,-6.5,0
119.3649,-295.2308,LCV,MZBER,0,0,3,-5.5,0
110.5115,-286.37739999999997,LCV,MZBER,0,0,3,-6.5,0
81.713,-303.193,LCV,MZBER,0,0,3,-5.5,0
107.27699999999999,-307.3187,LCV,MZBER,0,0,3,-5.5,0
108.487,-307.41949999999997,QKP,PQKE,0,0,3,-2.5,0
104.6796,-309.3333,LCV,MZBER,0,0,3,-7.5,0
123.4674,-236,SAT,MZBER,0,0,3,-5.5,0
109.7832,-296.1754,SAT,MZBER,0,0,3,-5.5,0
80.5689,-296.1863,LCV,MZBER,0,0,3,-5.5,0
102.18889999999999,-297.6895,XJB,MZBER,0,0,3,-4.5,0
103.4674,-286,LCV,MZBER,0,1,3,-4.5,0
112.42920000000001,-316.1639,LCV,MZBER,0,0,3,-4.5,0
103.5876,-293.56759999999997,XJB,MZBER,0,0,3,-4.5,0
115.95689999999999,-280.4304,LCV,MZBER,0,0,3,-5.5,0
50.1341,-326,SAT,MZBER,0,0,3,-7.5,0
50.1341,-326,SAT,MZBER,0,0,6,-6.5,0
119.00569999999999,-298.5032,XJB,MZBER,0,0,3,-4.5,0
117.1796,-315.2045,LCV,MZBER,0,0,4,-5.5,0
84.0324,-305.661,LCV,MZBER,0,0,6,-6.5,0
50.1341,-326,SAT,MZBER,0,0,3,-7.5,0
121.2681,-288.8866,LCV,MZBER,0,0,3,-5.5,0
137.6341,-272.59090000000003,LCV,MZBER,0,0,3,-5.5,0
100.8383,-300.6479,LCV,MZBER,0,0,3,-3.5,0
114.89439999999999,-290.3818,QKP,MZBER,0,0,4,-3.5,0
127.4068,-253.2727,SAT,MZBER,0,0,3,-3.5,0
104.78999999999999,-316.28340000000003,LCV,MZBER,1,0,3,-4.5,0
83.4674,-312.2745,LCV,MZBER,0,0,3,-6.5,0
78.1681,-307.1893,QKP,MZBER,0,0,3,-3.5,1
111.36250000000001,-284.1574,XJB,YEQA,1,0,4,-1.5,0
50.1341,-326,SAT,MZBER,0,0,6,-5.5,0
97.5418,-304.329,QKP,MZBER,0,0,4,-3.5,0
135.8484,-283.1429,SAT,MZBER,0,0,3,-7.5,0
118.92839999999998,-301.8865,LCV,MZBER,0,0,3,-6.5,0
110.13409999999999,-296,SAT,MZBER,0,0,3,-3.5,0
116.0804,-298.8018,QKP,MZBER,0,0,3,-7.5,0
132.3563,-290.4444,LCV,MZBER,0,0,3,-5.5,0
91.4384,-297.7391,SAT,MZBER,0,0,3,-6.5,0
106.0564,-288.7184,XJB,MZBER,0,0,3,-3.5,0
92.5583,-301,XJB,MZBER,0,0,4,-4.5,0
95.588599999999985,-316.9091,SAT,MZBER,0,0,3,-6.5,0
125.5727,-289.1579,LCV,MZBER,0,0,3,-3.5,0
90.134099999999989,-316,SAT,MZBER,0,0,6,-7.5,0
125.60579999999999,-282.6038,LCV,MZBER,0,0,3,-5.5,0
86.9762,-283.8947,SAT,MZBER,0,0,3,-4.5,0
104.6796,-298.7273,SAT,MZBER,0,0,3,-7.5,0
79.7259,-308.6531,LCV,MZBER,0,0,3,-5.5,0
116.06819999999999,-304.022,LCV,MZBER,0,0,3,-5.5,0
50.1341,-326,LCV,MZBER,0,0,4,-6.5,0
103.9803,-301.3846,LCV,MZBER,0,0,4,-5.5,0
50.1341,-276,SAT,MZBER,0,0,3,-7.5,0
112.0389,-311.7143,SAT,MZBER,0,0,3,-3.5,0
93.5303,-281.34590000000003,LCV,MZBER,0,0,3,-4.5,0
50.1341,-326,SAT,MZBER,0,0,6,-7.5,0
131.8732,-291.2174,LCV,MZBER,0,0,3,-4.5,0
114.73589999999999,-289.7168,LCV,MZBER,0,0,3,-3.5,0
112.42920000000001,-298.1311,LCV,MZBER,0,0,3,-6.5,0
100.13409999999999,-298.2222,SAT,MZBER,0,0,3,-6.5,0
98.134099999999989,-284,LCV,MZBER,0,0,3,-4.5,0
86.8008,-296,SAT,MZBER,0,0,3,-6.5,0
105.6897,-304.9683,XJB,MZBER,0,1,8,-4.5,1
110.89359999999999,-309.5443,LCV,MZBER,0,0,3,-7.5,0
113.17759999999998,-297.7391,SAT,MZBER,0,0,3,-6.5,0
114.25489999999999,-302.1989,XJB,MZBER,0,0,3,-5.5,0
90.134099999999989,-301,SAT,MZBER,0,0,3,-5.5,0
50.1341,-326,SAT,MZBER,0,0,3,-7.5,0
127.0572,-301,SAT,MZBER,0,0,3,-4.5,0
87.634099999999989,-303.5,SAT,MZBER,0,0,4,-4.5,0
100.13409999999999,-299.6111,SAT,MZBER,0,0,3,-7.5,0
101.3536,-311.3659,SAT,MZBER,0,0,3,-3.5,0
64.0876,-312.0465,SAT,MZBER,0,0,5,-6.5,0
50.1341,-226,SAT,MZBER,0,0,5,-5.5,0
115.74260000000001,-300.6032,LCV,MZBER,0,0,3,-4.5,0
75.8484,-286.5714,LCV,MZBER,0,0,3,-6.5,0
118.7388,-280.6512,SAT,MZBER,0,0,3,-7.5,0
81.0432,-301.1515,LCV,MZBER,0,1,3,-5.5,0
50.1341,-326,SAT,MZBER,0,0,3,-7.5,0
113.06439999999999,-305.7229,QKP,PQKE,0,0,3,-4.5,0
85.491899999999987,-312.5348,QKP,MZBER,0,0,3,-2.5,0
100.13409999999999,-312.1111,SAT,MZBER,0,0,5,-5.5,0
124.4931,-279.8462,SAT,MZBER,0,0,3,-5.5,0
101.1408,-308.5503,LCV,MZBER,0,0,6,-5.5,0
117.04589999999999,-291.4412,LCV,MZBER,0,0,3,-4.5,0
113.43,-299.0337,XJB,YEQA,0,0,3,-2.5,0
50.1341,-259.3333,SAT,MZBER,0,0,6,-1.5,0
122.13409999999999,-291.3333,LCV,MZBER,0,0,3,-3.5,0
95.4171,-290.1509,LCV,MZBER,0,0,3,-6.5,0
121.02019999999999,-293.5105,XJB,MZBER,0,0,3,-7.5,0
106.19470000000001,-290.6465,XJB,YEQA,0,0,3,-5.5,0
88.59559999999999,-301.641,LCV,MZBER,0,0,3,-5.5,0
111.42439999999999,-304.4946,LCV,MZBER,0,0,3,-3.5,0
150.1341,-251,LCV,MZBER,0,0,6,-7.5,0
77.1004,-290.0449,LCV,MZBER,0,0,6,-6.5,0
98.782699999999991,-309.7838,LCV,MZBER,0,0,3,-6.5,0
150.1341,-326,SAT,MZBER,0,0,3,-4.5,0
112.0752,-299.7186,XJB,MZBER,0,1,3,-2.5,0
97.325099999999992,-279.9326,LCV,MZBER,0,0,3,-4.5,0
104.6796,-298.7273,SAT,MZBER,0,0,3,-7.5,0
100.13409999999999,-276,SAT,MZBER,0,0,3,-6.5,0
91.474899999999991,-316.5028,LCV,MZBER,0,0,6,-1.5,0
88.9096,-303.551,LCV,MZBER,0,0,6,-6.5,0
104.45779999999999,-298.2838,XJB,MZBER,0,0,3,-1.5,0
116.80080000000001,-306,SAT,MZBER,0,0,3,-5.5,0
50.1341,-326,LCV,MZBER,0,0,3,-6.5,0
107.54149999999998,-277.8519,SAT,MZBER,0,0,3,-7.5,0
78.1341,-300,LCV,MZBER,0,0,5,-6.5,0
103.25909999999999,-288.5,LCV,MZBER,0,0,3,-2.5,0
103.4674,-286,SAT,MZBER,0,0,3,-4.5,0
103.9803,-318.3077,SAT,MZBER,0,1,3,-7.5,0
108.1986,-274.38710000000003,SAT,MZBER,0,0,3,-3.5,0
116.80080000000001,-292.6667,SAT,MZBER,0,0,6,-7.5,0
76.7298,-311.1064,LCV,MZBER,0,0,3,-7.5,0
112.966,-274.6726,LCV,MZBER,0,0,3,-2.5,0
128.3159,-298.7273,LCV,MZBER,0,0,3,-3.5,0
50.1341,-326,SAT,MZBER,0,0,5,-7.5,0
108.95759999999999,-273.0588,SAT,MZBER,0,0,3,-5.5,0
112.24859999999998,-303.9736,XJB,YEQA,0,0,5,-6.5,0
74.6796,-309.6364,LCV,MZBER,0,0,3,-3.5,0
90.979199999999992,-296.4225,LCV,MZBER,0,0,3,-6.5,0
91.8008,-276,SAT,MZBER,0,0,3,-3.5,0
120.13409999999999,-291,SAT,MZBER,0,0,6,-2.5,0
97.009099999999989,-285.375,SAT,MZBER,0,0,3,-4.5,0
102.34,-301.7353,LCV,MZBER,0,0,3,-6.5,0
98.7452,-301,LCV,YEQA,0,0,5,-6.5,0
112.13409999999999,-278,LCV,MZBER,0,0,3,-3.5,0
106.38409999999999,-276,SAT,MZBER,0,0,3,-4.5,0
133.4674,-282.4103,LCV,MZBER,0,0,3,-5.5,0
122.8614,-298.7273,LCV,MZBER,0,0,3,-5.5,0
136.1341,-292,LCV,MZBER,0,0,3,-7.5,0
95.8484,-288.8571,LCV,YEQA,0,0,3,-2.5,0
50.1341,-326,SAT,MZBER,0,0,6,-7.5,0
107.4456,-316.2141,QKP,PQKE,0,0,3,-1.5,0
86.9762,-304.9474,SAT,MZBER,0,0,6,-4.5,0
119.88589999999999,-288.5755,QKP,MZBER,0,0,3,-2.5,0
75.996199999999988,-305.3103,LCV,MZBER,0,0,4,-7.5,0
85.7663,-292.092,LCV,MZBER,0,0,3,-2.5,0
79.545899999999989,-302.4706,LCV,MZBER,0,0,3,-5.5,0
87.634099999999989,-302.5625,LCV,MZBER,0,0,3,-5.5,0
93.7602,-310.8442,XJB,MZBER,0,0,3,-4.5,0
92.518200000000007,-295.5364,LCV,MZBER,0,0,3,-5.5,0
107.1108,-274.8372,XJB,MZBER,0,0,4,-3.5,0
74.7243,-306.3279,LCV,MZBER,0,0,4,-7.5,0
103.1002,-281.5085,XJB,MZBER,0,0,3,-5.5,0
84.7495,-303.8846,LCV,MZBER,0,0,3,-5.5,0
109.225,-285.09090000000003,SAT,MZBER,0,0,3,-5.5,0
132.487,-273.0588,SAT,MZBER,0,0,3,-3.5,0
120.21719999999999,-281.5402,XJB,MZBER,0,0,3,-1.5,0
70.134099999999989,-266,SAT,MZBER,0,0,3,-5.5,0
105.6897,-300.7475,LCV,MZBER,0,0,4,-6.5,0
110.13409999999999,-319.3333,SAT,MZBER,0,0,6,-6.5,0
94.053,-303.7027,LCV,MZBER,0,0,3,-4.5,0
125.7644,-263.81510000000003,LCV,MZBER,0,0,3,-6.5,0
91.4039,-300.6032,LCV,MZBER,0,0,6,-7.5,0
107.44399999999999,-289.1579,XJB,MZBER,1,0,3,-3.5,0
82.907199999999989,-297.4286,LCV,MZBER,0,0,3,-6.5,0
50.1341,-226,SAT,MZBER,0,0,4,-7.5,0
118.744,-299.0942,XJB,MZBER,0,0,3,-4.5,0
107.0572,-278.3077,LCV,MZBER,0,0,3,-7.5,0
139.023,-281.5556,SAT,MZBER,0,0,3,-6.5,0
122.8614,-307.8182,LCV,PQKE,0,0,3,-3.5,0
68.3159,-320.0559,SAT,MZBER,0,0,3,-5.5,0
127.9119,-288.963,SAT,MZBER,0,0,3,-6.5,0
116.1891,-292.9725,LCV,MZBER,0,0,3,-5.5,0
113.43690000000001,-300.3119,LCV,MZBER,0,0,3,-6.5,0
121.2681,-300.2268,LCV,MZBER,0,0,3,-5.5,0
84.7287,-301.6757,LCV,MZBER,0,0,4,-5.5,0
95.1123,-290.1921,XJB,MZBER,0,0,3,-6.5,0
150.1341,-326,SAT,MZBER,0,0,6,-3.5,0
108.59559999999999,-298.3077,LCV,MZBER,0,0,3,-5.5,0
150.1341,-292.6667,SAT,MZBER,0,0,6,-2.5,0
94.1708,-292.9725,LCV,MZBER,0,0,3,-5.5,0
112.63409999999999,-282.25,SAT,MZBER,0,0,3,-7.5,0
97.960199999999986,-321.6522,SAT,MZBER,0,0,6,-7.5,0
119.83109999999999,-286.6061,SAT,MZBER,0,0,3,-6.5,0
103.7926,-305.2683,LCV,MZBER,0,0,3,-7.5,0
86.895999999999987,-300.9206,XJB,MZBER,0,1,3,-3.5,0
126.66470000000001,-278.0408,LCV,MZBER,0,0,3,-3.5,0
125.13409999999999,-285.375,SAT,MZBER,0,0,3,-4.5,0
114.6129,-307.8533,XJB,MZBER,0,0,3,-4.5,0
50.1341,-326,SAT,MZBER,0,0,3,-6.5,0
108.2118,-285.7137,XJB,MZBER,0,0,4,-4.5,0
100.13409999999999,-288.5,SAT,MZBER,0,0,3,-6.5,0
93.1721,-309.5443,LCV,MZBER,0,0,3,-4.5,0
103.1644,-293.4242,LCV,MZBER,0,0,3,-5.5,0
120.58859999999999,-296.4545,SAT,MZBER,0,0,3,-5.5,0
106.60470000000001,-287.1765,LCV,MZBER,0,0,3,-7.5,0
108.5412,-291.4867,LCV,MZBER,1,0,3,-7.5,0
106.60470000000001,-293.0588,LCV,MZBER,0,0,6,-2.5,0
115.7079,-294.8525,LCV,MZBER,0,0,3,-6.5,0
111.57989999999998,-308.5301,LCV,YEQA,0,0,3,-4.5,0
127.3493,-296.8861,LCV,MZBER,0,0,3,-3.5,0
50.1341,-326,SAT,MZBER,0,0,6,-7.5,0
112.63409999999999,-238.5,SAT,MZBER,0,0,3,-6.5,0
121.5627,-257.42859999999996,SAT,MZBER,0,0,3,-2.5,0
100.13409999999999,-286.7143,SAT,MZBER,0,0,3,-6.5,0
104.89599999999999,-278.381,LCV,MZBER,0,0,3,-3.5,0
50.1341,-326,LCV,MZBER,0,0,3,-7.5,0
98.5212,-316.3226,SAT,YEQA,1,0,3,-3.5,0
50.1341,-326,SAT,MZBER,0,0,3,-7.5,0
116.5102,-299.2254,XJB,MZBER,0,0,3,-7.5,0
81.7668,-288.2449,LCV,MZBER,0,0,3,-6.5,0
103.4674,-272.6667,SAT,MZBER,0,0,3,-2.5,0
90.63,-298.7273,LCV,MZBER,0,0,3,-5.5,0
112.14959999999999,-309.72090000000003,LCV,MZBER,0,0,3,-5.5,0
50.1341,-326,SAT,MZBER,0,0,3,-3.5,0
100.81899999999999,-304.0822,LCV,MZBER,0,0,3,-7.5,0
118.67339999999999,-288.9213,LCV,MZBER,0,0,3,-4.5,0
129.8216,-291.625,LCV,MZBER,0,0,3,-5.5,0
128.61509999999998,-286.7595,LCV,MZBER,1,0,3,-3.5,1
101.74699999999999,-306.6452,LCV,MZBER,0,0,3,-7.5,0
83.4674,-309.3333,SAT,MZBER,0,0,3,-3.5,0
119.99709999999999,-295.1781,LCV,MZBER,0,0,3,-5.5,0
75.9768,-313.6404,SAT,MZBER,0,0,6,-5.5,0
98.971299999999985,-277.1628,SAT,MZBER,0,0,3,-3.5,0
86.9762,-310.2105,LCV,MZBER,0,0,3,-7.5,0
112.20309999999999,-288.069,SAT,MZBER,0,0,3,-5.5,0
111.1523,-309.9,QKP,PQKE,0,0,4,-1.5,0
107.12889999999999,-292.8394,LCV,MZBER,0,0,3,-4.5,0
100.13409999999999,-226,SAT,MZBER,0,0,3,-6.5,0
135.3193,-285.2593,SAT,MZBER,0,0,3,-6.5,0
122.1771,-298.043,LCV,MZBER,0,0,3,-7.5,0
114.23669999999998,-284.9744,SAT,MZBER,0,0,3,-5.5,0
87.8153,-301.3623,XJB,MZBER,0,0,3,-6.5,0
110.3751,-307.9277,LCV,MZBER,0,0,3,-5.5,0
106.31389999999999,-305.7753,LCV,MZBER,0,0,3,-4.5,0
91.3106,-288.7451,LCV,MZBER,0,0,3,-4.5,0
89.1172,-305.661,LCV,MZBER,0,0,3,-4.5,0
115.28559999999999,-272.9697,LCV,MZBER,0,0,3,-6.5,0
65.9236,-310.2105,SAT,MZBER,0,0,3,-3.5,0
86.8625,-293.284,XJB,MZBER,0,0,3,-3.5,0
117.70169999999999,-282.7568,LCV,MZBER,0,0,3,-6.5,0
100.13409999999999,-286,SAT,MZBER,0,1,3,-7.5,0
106.1341,-291.3333,LCV,MZBER,0,0,3,-5.5,0
85.9005,-303.3723,LCV,MZBER,0,0,3,-5.5,0
116.80080000000001,-301,SAT,MZBER,0,0,3,-7.5,0
87.0653,-319.6508,QKP,MZBER,0,0,3,-6.5,0
150.1341,-326,SAT,MZBER,0,0,3,-3.5,0
102.4367,-283.8947,XJB,MZBER,0,0,3,-4.5,0
68.884099999999989,-288.5,LCV,MZBER,0,0,3,-3.5,0
89.999,-305.7297,XJB,MZBER,0,0,5,-5.5,0
111.24519999999998,-281.5556,SAT,MZBER,0,0,3,-7.5,0
116.80080000000001,-281.23810000000003,XJB,MZBER,0,0,3,-4.5,0
117.37549999999999,-277.7241,LCV,MZBER,0,0,3,-4.5,0
96.287900000000008,-299.0769,LCV,MZBER,0,0,3,-7.5,0
111.3586,-313.7551,SAT,MZBER,0,0,3,-6.5,0
50.1341,-326,SAT,MZBER,0,0,3,-1.5,0
113.4674,-306,LCV,MZBER,0,0,3,-3.5,0
104.8511,-301.4717,SAT,MZBER,0,0,3,-4.5,0
50.1341,-326,SAT,MZBER,0,0,6,-5.5,0
108.67070000000001,-291.0407,LCV,MZBER,0,0,3,-5.5,0
123.57159999999999,-286.9375,LCV,MZBER,0,0,3,-4.5,0
120.9674,-296.8333,SAT,MZBER,0,0,3,-7.5,0
102.0796,-293.57460000000003,QKP,MZBER,0,0,3,-5.5,0
75.8484,-310.2857,LCV,MZBER,0,0,5,-3.5,0
60.3382,-321.9184,SAT,MZBER,0,0,6,-6.5,0
67.068999999999988,-316.4981,XJB,MZBER,0,0,4,-5.5,0
80.9033,-295.2308,SAT,MZBER,0,0,3,-4.5,0
95.0779,-302.4045,LCV,MZBER,0,0,3,-5.5,0
109.5544,-286.0414,XJB,MZBER,0,0,3,-2.5,0
57.277,-311.7143,SAT,MZBER,0,0,6,-7.5,0
77.8053,-321.0685,LCV,MZBER,0,0,3,-7.5,0
111.2119,-285.2814,LCV,MZBER,0,0,3,-4.5,0
130.1341,-326,LCV,MZBER,0,0,3,-6.5,0
127.2877,-287.7978,XJB,MZBER,0,0,3,-3.5,0
110.13409999999999,-296,LCV,MZBER,0,0,3,-2.5,0
50.1341,-326,SAT,MZBER,0,0,6,-5.5,0
102.4068,-280.5455,SAT,MZBER,0,0,3,-4.5,0
106.2466,-293.84839999999997,XJB,MZBER,0,0,4,-3.5,0
115.54409999999999,-301.5698,QKP,PQKE,0,0,4,-3.5,0
92.3822,-287.6279,XJB,MZBER,0,0,3,-1.5,0
107.27699999999999,-297.4286,SAT,MZBER,0,0,3,-6.5,0
108.1986,-290.5161,SAT,MZBER,0,0,3,-5.5,0
92.6491,-306.8383,LCV,MZBER,0,0,3,-5.5,0
113.17759999999998,-291.2174,SAT,MZBER,0,0,3,-5.5,0
100.13409999999999,-309.3333,SAT,MZBER,0,0,3,-3.5,0
102.7657,-290.77729999999997,XJB,MZBER,0,0,3,-5.5,0
92.991199999999992,-283.1429,SAT,MZBER,0,0,3,-7.5,0
91.273299999999992,-291.1899,LCV,MZBER,0,0,3,-6.5,0
131.95229999999998,-276,SAT,MZBER,0,0,3,-6.5,0
110.8484,-286.7143,SAT,MZBER,0,0,3,-5.5,0
104.99519999999998,-295.4444,LCV,MZBER,0,1,3,-6.5,0
81.5789,-307.0198,XJB,MZBER,0,0,4,-4.5,0
100.037,-280.1748,XJB,MZBER,0,0,3,-7.5,0
105.59629999999999,-318.437,LCV,MZBER,0,0,3,-6.5,0
105.64429999999999,-290.0816,XJB,MZBER,0,0,3,-4.5,0
92.991199999999992,-326,SAT,MZBER,0,0,3,-6.5,0
101.85819999999998,-301.8621,SAT,MZBER,0,0,3,-5.5,0
94.578499999999991,-300.0741,SAT,MZBER,0,0,3,-6.5,0
50.1341,-326,SAT,MZBER,0,0,6,-5.5,0
80.497099999999989,-297.2871,XJB,MZBER,0,0,3,-5.5,0
50.1341,-326,LCV,MZBER,0,0,3,-5.5,0
106.27449999999999,-294.4211,XJB,YEQA,0,0,6,-5.5,0
116.80080000000001,-284.9744,LCV,MZBER,0,1,4,-3.5,0
97.57,-287.5385,LCV,MZBER,0,0,3,-7.5,0
107.66829999999999,-282.1644,LCV,MZBER,0,0,3,-5.5,0
106.89089999999999,-296.2703,LCV,MZBER,0,0,3,-5.5,0
79.8044,-302.9231,LCV,MZBER,0,0,3,-5.5,0
106.74259999999998,-310.788,XJB,MZBER,0,0,3,-4.5,0
107.27699999999999,-297.4286,SAT,MZBER,0,0,3,-5.5,0
86.7013,-289.2836,QKP,MZBER,0,0,3,-1.5,0
133.2802,-292.2921,LCV,MZBER,0,0,3,-5.5,0
103.4674,-276,SAT,MZBER,0,0,3,-7.5,0
110.01429999999999,-292.6667,XJB,MZBER,0,0,3,-2.5,0
83.4194,-299.3429,XJB,MZBER,0,0,3,-4.5,0
50.1341,-326,LCV,MZBER,0,0,3,-7.5,0
109.30080000000001,-298.5,LCV,MZBER,0,0,3,-6.5,0
106.2879,-281,XJB,MZBER,0,0,3,-3.5,0
100.13409999999999,-326,SAT,MZBER,0,0,3,-5.5,0
84.590099999999993,-276.1295,XJB,MZBER,0,0,3,-2.5,0
96.562699999999992,-311.7143,LCV,YEQA,0,0,3,-5.5,0
57.8264,-318.3077,LCV,MZBER,0,0,6,-6.5,0
83.02879999999999,-319.4211,SAT,MZBER,0,0,3,-3.5,0
117.7844,-293.6503,QKP,MZBER,0,0,3,-3.5,0
90.134099999999989,-306,SAT,MZBER,0,0,3,-6.5,0
70.134099999999989,-313.5,SAT,MZBER,0,0,5,-5.5,0
121.1378,-284.86,XJB,MZBER,1,0,3,-3.5,0
118.18969999999999,-290.5833,LCV,MZBER,0,0,3,-7.5,0
100.13409999999999,-297.4286,SAT,MZBER,0,0,3,-6.5,0
109.70570000000001,-281.0201,XJB,MZBER,0,0,3,-7.5,0
112.63409999999999,-288.5,SAT,MZBER,0,0,3,-4.5,0
94.770800000000008,-307.6609,XJB,MZBER,0,0,3,-3.5,0
79.6423,-306.3279,LCV,MZBER,0,0,4,-7.5,0
96.287900000000008,-317.0256,SAT,MZBER,0,0,3,-7.5,0
116.0915,-287.7021,LCV,MZBER,0,0,3,-6.5,0
105.2361,-293.3469,LCV,MZBER,0,0,3,-7.5,0
107.18929999999999,-284.2822,LCV,MZBER,0,0,3,-6.5,0
97.753099999999989,-268.8571,LCV,MZBER,0,0,3,-7.5,0
100.13409999999999,-306,SAT,MZBER,0,0,3,-2.5,0
125.13409999999999,-288.5,SAT,MZBER,0,0,4,-6.5,0
102.23939999999999,-283.8947,LCV,MZBER,0,0,3,-2.5,0
92.9385,-283.786,QKP,MZBER,0,0,3,-7.5,0
107.0961,-282.3291,LCV,MZBER,0,0,3,-7.5,0
79.8638,-304.3784,LCV,MZBER,0,0,3,-6.5,0
104.8008,-306,LCV,MZBER,0,0,3,-7.5,0
124.80079999999998,-308.6667,LCV,MZBER,0,0,3,-6.5,0
104.5155,-302.8041,XJB,MZBER,0,0,3,-5.5,0
100.13409999999999,-326,SAT,MZBER,0,0,3,-7.5,0
72.3563,-314.8889,SAT,MZBER,0,0,6,-6.5,0
98.134099999999989,-286,LCV,MZBER,0,0,3,-5.5,0
119.86939999999998,-270.8255,QKP,MZBER,0,0,3,-3.5,0
50.1341,-326,SAT,MZBER,0,0,3,-7.5,0
131.0865,-292.6667,SAT,MZBER,0,0,3,-7.5,0
118.55519999999999,-272.0526,LCV,MZBER,0,0,3,-2.5,0
50.1341,-326,SAT,MZBER,0,0,6,-5.5,0
90.285599999999988,-306.303,LCV,MZBER,0,0,3,-7.5,0
50.1341,-326,SAT,MZBER,0,0,3,-4.5,0
127.0572,-272.1538,SAT,MZBER,0,0,3,-7.5,0
70.9674,-291.2778,LCV,MZBER,0,0,3,-6.5,0
109.225,-294.1818,SAT,MZBER,0,0,5,-5.5,0
113.5795,-292.3866,XJB,MZBER,0,0,4,-5.5,0
93.99369999999999,-294.4211,LCV,MZBER,0,0,3,-5.5,0
90.134099999999989,-282,SAT,MZBER,0,0,3,-7.5,0
122.3563,-303.7778,SAT,MZBER,0,0,3,-5.5,0
123.78999999999999,-286.7527,LCV,MZBER,0,0,3,-5.5,0
91.8008,-301,LCV,MZBER,0,0,3,-4.5,0
114.3543,-292.055,LCV,MZBER,0,0,3,-5.5,0
116.80080000000001,-281.5556,SAT,MZBER,0,0,3,-6.5,0
90.2383,-303.0833,LCV,MZBER,0,0,4,-5.5,0
125.89169999999999,-265.39390000000003,LCV,MZBER,0,0,3,-2.5,0
129.6617,-268.5197,LCV,MZBER,0,0,3,-4.5,0
50.1341,-326,SAT,MZBER,0,1,3,-7.5,0
121.8322,-288.2642,LCV,MZBER,0,0,3,-7.5,0
85.199,-311.7143,LCV,MZBER,0,0,3,-6.5,0
73.6635,-314.2353,SAT,MZBER,0,0,3,-7.5,0
100.13409999999999,-292.6667,SAT,MZBER,0,0,3,-5.5,0
112.63409999999999,-296.6522,LCV,MZBER,0,0,5,-1.5,0
103.2714,-304.6275,XJB,MZBER,0,0,3,-3.5,0
104.13409999999999,-308,LCV,MZBER,0,0,3,-6.5,0
114.52799999999999,-280.5455,LCV,MZBER,0,0,3,-5.5,0
107.82639999999999,-281.7692,LCV,MZBER,0,0,3,-5.5,0
83.4674,-281.5556,SAT,MZBER,0,0,3,-5.5,0
113.4674,-289.3333,LCV,MZBER,0,0,3,-6.5,0
67.8403,-321.7746,XJB,MZBER,0,0,3,-2.5,0
69.8385,-316.1478,LCV,MZBER,0,0,3,-5.5,0
97.960199999999986,-293.8261,LCV,MZBER,0,0,5,-3.5,0
50.1341,-276,SAT,MZBER,0,0,6,-2.5,0
63.037299999999995,-280.8387,SAT,MZBER,0,0,3,-4.5,0
109.1403,-284.3851,LCV,MZBER,0,0,3,-7.5,0
100.13409999999999,-286.8696,LCV,MZBER,0,0,3,-4.5,0
107.1929,-308.9412,LCV,MZBER,0,0,3,-3.5,0
100.13409999999999,-264.3721,LCV,MZBER,0,0,3,-2.5,0
107.9553,-284.9385,XJB,MZBER,0,0,3,-3.5,0
121.5627,-326,SAT,PQKE,0,0,3,-5.5,0
87.634099999999989,-269.75,SAT,MZBER,0,0,3,-6.5,0
106.21519999999998,-308.43240000000003,LCV,MZBER,0,0,3,-6.5,0
94.8709,-315.4737,SAT,MZBER,0,0,3,-5.5,0
76.7575,-312.6883,LCV,MZBER,0,1,4,-5.5,0
50.1341,-326,XJB,MZBER,0,0,3,-3.5,0
103.4674,-309.3333,LCV,MZBER,0,0,6,-3.5,0
117.22630000000001,-300.8936,XJB,MZBER,0,0,3,-3.5,0
123.4014,-281.4455,LCV,MZBER,0,0,3,-7.5,0
122.5334,-297.1409,QKP,MZBER,0,0,3,-7.5,0
106.9968,-297.5686,LCV,MZBER,0,0,3,-5.5,0
125.13409999999999,-290.2857,SAT,MZBER,0,0,4,-3.5,0
116.80080000000001,-309.3333,SAT,MZBER,0,0,3,-7.5,0
121.81039999999999,-289.0058,LCV,MZBER,0,0,3,-4.5,0
102.2174,-303.0833,LCV,MZBER,0,0,3,-6.5,0
91.727,-274.6726,LCV,MZBER,0,0,3,-3.5,0
106.60470000000001,-284.0392,XJB,MZBER,0,0,3,-6.5,0
103.7765,-316.7285,LCV,MZBER,0,0,6,-5.5,0
90.985199999999992,-306.4255,XJB,MZBER,0,0,3,-7.5,0
120.13409999999999,-286,SAT,MZBER,0,0,3,-7.5,0
109.0382,-272.57529999999997,LCV,MZBER,0,0,5,-5.5,0
114.6078,-302.3158,LCV,MZBER,0,0,3,-6.5,0
133.4674,-267.6667,SAT,MZBER,0,0,3,-5.5,0
86.4224,-300.2336,XJB,MZBER,0,0,3,-4.5,0
96.088799999999992,-295.9029,XJB,MZBER,0,0,4,-2.5,0
97.0368,-298.5664,LCV,MZBER,0,0,6,-6.5,0
92.8008,-301.5556,XJB,MZBER,0,0,3,-4.5,0
126.80079999999998,-292.9697,XJB,MZBER,0,0,3,-1.5,0
110.5508,-305.1667,LCV,MZBER,0,0,3,-4.5,0
96.772799999999989,-304.5714,LCV,MZBER,0,0,5,-5.5,0
113.0971,-293.9012,LCV,MZBER,0,0,3,-3.5,0
120.30949999999999,-315.4737,LCV,MZBER,0,0,3,-7.5,0
107.74279999999999,-285.7826,LCV,MZBER,0,0,3,-5.5,0
50.1341,-326,SAT,MZBER,0,0,6,-6.5,0
100.13409999999999,-301,SAT,MZBER,0,0,6,-4.5,0
137.4068,-293.2727,LCV,MZBER,0,0,3,-5.5,0
130.1341,-286,SAT,MZBER,0,0,6,-5.5,0
125.13409999999999,-251,SAT,MZBER,0,0,3,-2.5,0
114.41980000000001,-301,LCV,MZBER,0,0,3,-5.5,0
50.1341,-326,SAT,MZBER,0,0,6,-7.5,0
118.72909999999999,-308.64459999999997,LCV,MZBER,0,0,3,-4.5,0
100.13409999999999,-288.5,SAT,MZBER,0,0,3,-7.5,0
101.04319999999998,-296.9091,LCV,MZBER,0,0,3,-5.5,0
102.65939999999999,-289.6364,LCV,MZBER,0,0,3,-3.5,0
121.5627,-289.6364,LCV,MZBER,0,0,3,-3.5,0
73.0349,-287.0687,LCV,MZBER,0,0,6,-4.5,0
50.1341,-326,SAT,MZBER,0,0,3,-4.5,0
113.292,-294.4211,SAT,MZBER,0,0,3,-5.5,0
95.678699999999992,-292.3366,LCV,MZBER,0,0,3,-4.5,0
97.753099999999989,-297.4286,SAT,MZBER,0,0,3,-5.5,0
102.2174,-292.6667,LCV,MZBER,0,0,3,-6.5,0
100.37559999999999,-278.1739,XJB,MZBER,0,0,3,-4.5,0
75.7023,-316.3409,XJB,MZBER,0,0,6,-6.5,0
91.023699999999991,-293.8834,QKP,MZBER,0,0,3,-3.5,0
83.4674,-303.7778,SAT,MZBER,0,0,5,-6.5,0
123.21099999999998,-291.3846,SAT,MZBER,0,0,4,-7.5,0
50.1341,-326,SAT,MZBER,0,0,3,-5.5,0
67.7812,-320.1176,SAT,MZBER,0,0,3,-7.5,0
103.9803,-277.049,LCV,MZBER,0,0,3,-7.5,0
118.05859999999998,-284.4906,LCV,MZBER,0,0,3,-4.5,0
107.82639999999999,-310.6154,XJB,MZBER,0,0,5,-4.5,0
96.5171,-281.0355,XJB,MZBER,0,0,3,-3.5,0
92.3563,-313.7778,LCV,MZBER,0,0,6,-6.5,0
89.775399999999991,-295.2308,QKP,MZBER,0,0,3,-2.5,0
130.1341,-286,SAT,MZBER,0,0,6,-7.5,0
107.7099,-263.8788,LCV,MZBER,0,0,3,-5.5,0
87.634099999999989,-317.6667,LCV,MZBER,0,0,3,-5.5,0
116.80080000000001,-326,SAT,MZBER,0,0,6,-5.5,0
50.1341,-326,SAT,MZBER,0,0,3,-6.5,0
77.982199999999992,-322.2025,LCV,MZBER,0,0,6,-5.5,0
77.2174,-313.5,SAT,MZBER,0,0,3,-5.5,0
88.2293,-311.7143,SAT,MZBER,0,0,3,-7.5,0
82.91,-299.2441,XJB,MZBER,0,0,3,-3.5,0
74.662399999999991,-324.1132,SAT,MZBER,0,0,5,-6.5,0
76.221099999999993,-295.5652,SAT,MZBER,0,0,3,-4.5,0
100.13409999999999,-326,SAT,MZBER,0,0,6,-7.5,0
111.3106,-303.2549,XJB,MZBER,0,0,3,-3.5,0
90.134099999999989,-307.1111,LCV,MZBER,0,0,6,-5.5,0
50.1341,-326,SAT,MZBER,0,0,6,-7.5,0
120.9674,-280.6875,LCV,MZBER,0,0,6,-3.5,0
116.80080000000001,-276,SAT,MZBER,0,0,3,-4.5,0
91.8008,-326,SAT,MZBER,0,0,3,-2.5,0
66.8008,-315.5833,LCV,MZBER,0,0,6,-4.5,0
109.6169,-280.3103,LCV,MZBER,0,0,3,-6.5,0
118.13409999999999,-310,LCV,MZBER,0,0,3,-6.5,0
111.0037,-308.6087,SAT,MZBER,0,0,3,-7.5,0
97.960199999999986,-323.8261,SAT,PQKE,0,0,3,-3.5,0
95.8968,-307.3559,LCV,MZBER,0,0,6,-4.5,0
101.97909999999999,-303.8598,XJB,MZBER,0,0,4,-4.5,0
108.57570000000001,-280.5455,LCV,MZBER,0,0,3,-4.5,0
50.1341,-326,SAT,MZBER,0,0,6,-7.5,0
123.719,-285.43399999999997,LCV,MZBER,0,0,3,-3.5,0
123.2524,-281.914,LCV,MZBER,0,0,3,-6.5,0
118.2013,-299.9496,LCV,MZBER,0,0,6,-6.5,0
97.960199999999986,-302.087,LCV,MZBER,0,0,3,-3.5,0
131.95229999999998,-271.4545,SAT,MZBER,0,0,3,-7.5,0
75.6243,-296.58820000000003,SAT,MZBER,0,0,3,-2.5,0
112.9248,-289.4551,XJB,MZBER,0,0,5,-6.5,0
99.4024,-291.8537,LCV,MZBER,0,0,3,-5.5,0
98.41,-301.8621,SAT,MZBER,0,1,3,-3.5,0
84.121,-302.7974,XJB,MZBER,0,0,3,-2.5,0
109.6646,-310.2254,QKP,MZBER,0,1,3,-3.5,0
107.07849999999999,-298.2222,LCV,MZBER,0,0,3,-5.5,0
122.3563,-270.4444,SAT,MZBER,0,0,6,-5.5,0
101.11449999999999,-304.4314,LCV,MZBER,0,0,3,-5.5,0
50.1341,-326,SAT,MZBER,0,0,3,-5.5,0
122.3106,-270.5774,QKP,MZBER,0,0,3,-3.5,0
89.2645,-317.3043,SAT,MZBER,0,0,3,-6.5,0
113.72380000000001,-318.3077,XJB,MZBER,0,0,3,-4.5,0
113.7705,-316.9091,SAT,MZBER,0,0,3,-7.5,0
83.4674,-326,SAT,MZBER,0,0,3,-3.5,0
88.7705,-312.3636,LCV,MZBER,0,0,3,-5.5,0
108.2422,-278.7027,LCV,MZBER,0,0,3,-5.5,0
142.1695,-295.0265,LCV,MZBER,0,0,3,-6.5,0
74.108899999999991,-307.7035,LCV,MZBER,0,0,3,-5.5,0
105.87180000000001,-285.0164,LCV,MZBER,0,0,3,-5.5,0
113.0971,-277.8519,SAT,MZBER,0,0,3,-5.5,0
50.1341,-326,SAT,MZBER,0,0,5,-6.5,0
82.3922,-314.7097,LCV,MZBER,0,0,4,-5.5,0
98.6189,-268.4242,SAT,MZBER,0,0,3,-4.5,0
112.7715,-305.1209,LCV,MZBER,0,0,3,-7.5,0
127.4068,-307.8182,SAT,MZBER,0,0,3,-3.5,0
95.1603,-254.2723,XJB,MZBER,0,0,3,-3.5,0
121.2184,-307.9277,LCV,MZBER,0,0,3,-5.5,0
100.13409999999999,-268.3077,SAT,MZBER,0,0,3,-4.5,0
98.6189,-307.8182,SAT,MZBER,0,0,4,-4.5,0
107.27699999999999,-268.8571,LCV,MZBER,0,0,4,-3.5,0
109.10849999999999,-295.6581,XJB,YEQA,0,0,3,-2.5,0
127.25829999999999,-290.0523,LCV,MZBER,0,0,3,-6.5,0
111.196,-282.6372,LCV,MZBER,0,0,3,-5.5,0
86.4977,-284.6777,LCV,MZBER,0,0,3,-5.5,0
98.4674,-316,LCV,MZBER,0,0,3,-5.5,0
115.65129999999999,-253.58620000000002,SAT,MZBER,0,0,3,-4.5,0
99.023,-294.8889,LCV,MZBER,0,0,6,-6.5,0
91.5482,-302.7677,LCV,MZBER,0,0,3,-5.5,0
50.1341,-326,SAT,MZBER,0,0,3,-7.5,0
119.023,-270.4444,SAT,MZBER,0,0,3,-5.5,0
100.13409999999999,-276,SAT,MZBER,0,0,3,-2.5,0
121.24520000000001,-290.4444,SAT,MZBER,0,0,3,-5.5,0
64.4198,-326,SAT,MZBER,0,0,3,-5.5,0
101.0113,-290.9123,LCV,MZBER,0,0,3,-6.5,0
95.4438,-295.7345,XJB,YEQA,1,0,5,-4.5,0
71.8008,-307.6667,LCV,MZBER,0,0,6,-5.5,0
120.81809999999999,-311.0163,XJB,PQKE,0,0,3,-2.5,0
105.03609999999999,-306.3922,LCV,MZBER,0,0,4,-5.5,0
114.7174,-305.1667,SAT,MZBER,0,0,3,-7.5,0
128.395,-286.8696,SAT,MZBER,0,0,3,-7.5,0
115.21349999999998,-303.7778,LCV,MZBER,0,0,3,-6.5,0
118.79079999999999,-302.1194,LCV,MZBER,0,0,4,-4.5,0
75.134099999999989,-251,SAT,MZBER,0,0,3,-5.5,0
125.2125,-286.3448,XJB,MZBER,0,0,3,-4.5,0
50.1341,-326,SAT,MZBER,0,0,6,-6.5,0
99.618599999999986,-306.4124,LCV,MZBER,0,0,3,-2.5,0
113.1549,-282.25,LCV,MZBER,0,0,3,-5.5,0
86.4977,-310.8485,SAT,MZBER,0,0,3,-7.5,0
118.08279999999999,-295.2308,LCV,MZBER,1,0,3,-5.5,0
122.8614,-301.7576,SAT,MZBER,0,0,5,-7.5,0
150.1341,-309.3333,SAT,MZBER,0,0,3,-4.5,0
99.4847,-288.3377,LCV,MZBER,0,0,3,-6.5,0
85.0547,-305.7619,LCV,MZBER,0,0,3,-6.5,0
118.63560000000001,-296.0306,XJB,MZBER,0,0,3,-7.5,0
98.971299999999985,-295.7674,SAT,MZBER,0,0,3,-6.5,0
50.1341,-326,SAT,MZBER,1,0,4,-4.5,0
115.697,-288.9139,LCV,MZBER,0,0,3,-4.5,0
85.3454,-303.4648,LCV,MZBER,0,0,3,-5.5,0
99.516799999999989,-300.0741,LCV,MZBER,0,0,3,-4.5,0
88.59559999999999,-312.1538,LCV,MZBER,0,0,3,-6.5,0
150.1341,-326,SAT,MZBER,0,0,3,-6.5,0
94.0901,-300.7253,LCV,MZBER,0,0,3,-6.5,0
75.134099999999989,-301,SAT,MZBER,0,0,3,-5.5,0
50.1341,-326,SAT,MZBER,0,0,3,-7.5,0
97.895299999999992,-311.0746,LCV,MZBER,0,0,3,-7.5,0
50.1341,-326,SAT,MZBER,0,0,6,-7.5,0
92.5583,-301.7576,SAT,MZBER,0,0,5,-4.5,0
117.876,-296.9677,SAT,MZBER,0,0,4,-6.5,0
77.4068,-316.9091,LCV,MZBER,0,0,6,-4.5,0
81.8414,-301.6098,LCV,MZBER,0,0,6,-5.5,0
106.0723,-313.3507,QKP,MZBER,0,0,3,-4.5,0
126.8212,-271.3988,LCV,MZBER,0,0,3,-7.5,0
132.3922,-288.09680000000003,LCV,MZBER,0,0,3,-5.5,0
79.545899999999989,-305.41179999999997,SAT,MZBER,0,0,3,-5.5,0
103.4674,-292.6667,SAT,MZBER,0,0,3,-7.5,0
104.27420000000001,-292.879,XJB,MZBER,0,0,3,-7.5,0
83.4674,-292.6667,SAT,MZBER,0,0,3,-3.5,0
121.656,-277.8207,QKP,MZBER,0,0,3,-4.5,0
119.73409999999998,-286,LCV,MZBER,0,0,3,-3.5,0
86.4977,-289.6364,LCV,MZBER,0,0,3,-7.5,0
83.4674,-292.6667,SAT,MZBER,0,0,6,-5.5,0
102.51509999999999,-311.7143,SAT,MZBER,0,0,6,-7.5,0
116.80080000000001,-309.3333,SAT,MZBER,0,0,3,-6.5,0
103.3809,-314.3117,LCV,MZBER,0,0,3,-6.5,0
98.9436,-309.3333,LCV,MZBER,0,0,5,-5.5,0
85.134099999999989,-298.5,SAT,MZBER,0,0,3,-1.5,0
106.9968,-312.2745,LCV,MZBER,0,0,5,-5.5,0
112.63409999999999,-285.375,SAT,MZBER,0,0,3,-4.5,0
94.578499999999991,-303.7778,LCV,MZBER,0,0,3,-7.5,0
104.6796,-285.09090000000003,SAT,MZBER,0,0,3,-4.5,0
120.92059999999998,-300.1573,LCV,MZBER,0,0,3,-5.5,0
121.60749999999999,-294.0251,XJB,MZBER,0,0,3,-4.5,0
73.0508,-311.4167,LCV,MZBER,0,0,3,-7.5,0
109.2964,-296.1571,LCV,MZBER,0,0,3,-5.5,0
92.134099999999989,-312,LCV,MZBER,0,0,3,-3.5,0
90.298,-285.8361,LCV,MZBER,0,0,3,-3.5,0
104.1882,-293.2297,LCV,MZBER,0,0,3,-5.5,0
83.0753,-306,LCV,MZBER,0,0,3,-5.5,0
100.13409999999999,-326,LCV,MZBER,0,0,3,-3.5,0
125.13409999999999,-276,SAT,MZBER,0,0,3,-4.5,0
124.2082,-287.1111,LCV,MZBER,0,0,3,-4.5,0
87.7812,-308.3529,LCV,MZBER,0,0,3,-6.5,0
107.07849999999999,-312.1111,LCV,MZBER,0,0,5,-7.5,0
121.75569999999999,-280.0541,LCV,MZBER,0,0,3,-4.5,0
124.02969999999999,-288.249,XJB,MZBER,0,0,3,-5.5,0
116.80080000000001,-326,SAT,MZBER,0,0,3,-7.5,0
95.372199999999992,-290.2857,SAT,MZBER,0,0,5,-6.5,0
102.7657,-301.4386,LCV,MZBER,0,0,3,-3.5,0
76.8668,-312.1386,LCV,MZBER,0,0,3,-6.5,0
97.895299999999992,-293.1642,LCV,MZBER,0,0,6,-5.5,0
77.4068,-326,SAT,MZBER,0,0,3,-7.5,0
120.50450000000001,-261.1852,LCV,MZBER,0,0,3,-4.5,0
97.936299999999989,-308.4176,LCV,MZBER,0,0,5,-6.5,0
112.0389,-299.8095,SAT,MZBER,0,0,5,-6.5,0
125.13409999999999,-311,SAT,MZBER,0,0,3,-5.5,0
97.06389999999999,-295.2982,XJB,MZBER,0,0,6,-4.5,0
77.4712,-314.102,XJB,MZBER,0,0,3,-3.5,0
81.8414,-304.0488,LCV,MZBER,0,0,3,-5.5,0
102.24680000000001,-289.3803,LCV,MZBER,0,0,3,-4.5,0
139.7445,-297.4286,LCV,MZBER,0,0,6,-6.5,0
78.571599999999989,-312.875,LCV,MZBER,0,0,6,-5.5,0
113.2182,-307.77570000000003,XJB,MZBER,0,0,3,-5.5,0
96.6688,-286.396,LCV,MZBER,0,0,3,-3.5,0
93.6635,-306,LCV,MZBER,0,0,5,-6.5,0
102.99119999999999,-304.5714,LCV,MZBER,0,0,3,-5.5,0
105.7501,-297.9005,QKP,MZBER,0,0,3,-7.5,0
50.1341,-326,QKP,YEQA,0,0,3,-1.5,0
78.339199999999991,-300.359,SAT,MZBER,0,0,4,-5.5,0
120.30949999999999,-294.4211,LCV,MZBER,0,0,3,-3.5,0
109.62780000000001,-319.6709,LCV,MZBER,0,0,3,-7.5,0
136.2268,-290.2384,SAT,MZBER,0,0,3,-7.5,0
50.1341,-326,SAT,MZBER,0,0,3,-7.5,0
106.6558,-282.5217,SAT,MZBER,0,0,5,-4.5,0
127.5335,-305.257,XJB,PQKE,0,0,3,-2.5,0
128.7055,-306.9524,LCV,MZBER,0,0,3,-7.5,0
100.13409999999999,-310.375,LCV,MZBER,0,0,3,-6.5,0
121.5627,-297.4286,SAT,MZBER,0,0,3,-5.5,0
113.8596,-303.451,LCV,MZBER,0,0,3,-7.5,0
97.3039,-300.2138,LCV,MZBER,0,0,3,-6.5,0
127.9119,-289.2479,LCV,MZBER,0,0,3,-4.5,0
129.9321,-265.39390000000003,LCV,MZBER,0,0,3,-3.5,0
150.1341,-303.7778,SAT,MZBER,0,0,3,-7.5,0
111.57989999999998,-303.1084,LCV,MZBER,0,0,3,-4.5,0
101.85819999999998,-288.069,SAT,MZBER,0,0,3,-3.5,0
104.3714,-283.6271,LCV,MZBER,0,0,3,-6.5,0
98.2354,-281.6962,LCV,MZBER,0,0,3,-4.5,0
150.1341,-326,SAT,MZBER,0,0,6,-7.5,0
94.464,-291.9794,LCV,MZBER,0,0,3,-5.5,0
50.1341,-326,SAT,MZBER,0,0,3,-5.5,0
118.88409999999999,-294.75,SAT,MZBER,0,0,3,-7.5,0
81.747,-307.9355,LCV,MZBER,0,0,6,-6.5,0
108.95759999999999,-288.7451,LCV,MZBER,0,0,3,-5.5,0
101.13409999999999,-296,LCV,MZBER,0,0,3,-5.5,0
121.5627,-303.9221,LCV,PQKE,0,0,3,-4.5,0
98.6635,-284.8235,LCV,MZBER,0,0,3,-3.5,0
50.1341,-326,LCV,MZBER,0,1,3,-4.5,0
84.0441,-303.8547,XJB,MZBER,0,0,4,-6.5,0
84.4737,-290.1509,XJB,MZBER,0,0,4,-3.5,0
125.13409999999999,-301,SAT,MZBER,0,0,3,-6.5,0
113.9639,-299.4043,LCV,MZBER,0,0,3,-6.5,0
104.3646,-276.9545,QKP,MZBER,0,0,3,-5.5,0
114.8692,-315.90070000000003,XJB,PQKE,0,0,3,-4.5,0
126.60470000000001,-309.4225,LCV,PQKE,0,0,5,-5.5,0
100.13409999999999,-292.6667,SAT,MZBER,0,0,3,-5.5,0
116.80080000000001,-271.8333,SAT,MZBER,0,0,3,-5.5,0
118.80879999999999,-298.2892,LCV,MZBER,0,0,3,-6.5,0
130.1341,-268.8571,LCV,MZBER,0,0,3,-3.5,0
50.1341,-326,SAT,MZBER,0,0,3,-4.5,0
50.1341,-326,SAT,MZBER,0,0,6,-7.5,0
116.80080000000001,-307.6667,LCV,MZBER,0,0,3,-5.5,0
92.876,-300.1935,SAT,YEQA,0,1,3,-6.5,1
125.5187,-295.2308,LCV,MZBER,0,0,3,-7.5,0
122.73679999999999,-310.93149999999997,LCV,MZBER,0,0,3,-3.5,0
105.28559999999999,-263.5758,LCV,MZBER,0,0,3,-2.5,0
125.54390000000001,-301.4098,LCV,MZBER,0,0,3,-4.5,0
113.17759999999998,-323.8261,SAT,MZBER,0,0,6,-5.5,0
112.63409999999999,-251,SAT,MZBER,0,0,3,-5.5,0
140.21349999999998,-293.8571,XJB,MZBER,0,0,4,-7.5,0
96.5987,-299.7374,LCV,MZBER,0,0,3,-6.5,0
50.1341,-326,SAT,MZBER,0,0,3,-4.5,0
91.8008,-317.6667,SAT,MZBER,0,0,3,-6.5,0
83.4674,-292.6667,SAT,MZBER,0,0,3,-5.5,0
133.4674,-292.6667,SAT,MZBER,0,0,3,-4.5,0
93.4462,-307.5287,LCV,MZBER,0,0,3,-5.5,0
113.9022,-291.2174,LCV,MZBER,0,0,3,-5.5,0
106.3069,-306.8642,LCV,MZBER,0,0,4,-5.5,0
114.9228,-278.1127,LCV,MZBER,0,0,3,-3.5,0
50.1341,-326,SAT,MZBER,0,0,6,-6.5,0
115.638,-282.9767,XJB,MZBER,0,0,3,-4.5,0
97.0729,-293.3469,SAT,MZBER,0,0,3,-6.5,0
50.1341,-326,XJB,MZBER,0,0,3,-7.5,0
113.7705,-307.8182,SAT,MZBER,0,0,3,-6.5,0
118.3159,-298.7273,SAT,MZBER,0,0,3,-3.5,0
88.2293,-306.9524,SAT,MZBER,0,0,3,-7.5,0
126.94569999999999,-302.8116,LCV,MZBER,0,0,3,-4.5,0
94.6074,-286.8583,XJB,MZBER,0,0,3,-4.5,0
114.999,-292.8919,LCV,MZBER,0,0,3,-3.5,0
84.916699999999992,-305.7101,LCV,MZBER,0,0,3,-4.5,0
116.80080000000001,-284.3333,LCV,MZBER,0,0,3,-4.5,0
125.13409999999999,-301,SAT,MZBER,0,0,6,-7.5,0
79.225,-280.5455,LCV,MZBER,0,0,3,-4.5,0
86.8175,-294.3417,LCV,MZBER,0,0,3,-4.5,0
100.13409999999999,-296.3518,XJB,MZBER,0,0,3,-5.5,0
100.13409999999999,-326,SAT,MZBER,0,0,3,-3.5,0
50.1341,-316,SAT,MZBER,0,0,3,-5.5,0
109.7671,-297.5596,LCV,MZBER,0,0,3,-2.5,0
96.8008,-296,SAT,MZBER,0,0,3,-7.5,0
113.24089999999998,-276.4854,LCV,MZBER,0,0,3,-5.5,0
50.1341,-326,SAT,MZBER,0,0,6,-7.5,0
103.94829999999999,-298.3923,QKP,MZBER,0,0,3,-5.5,0
50.1341,-326,SAT,MZBER,0,0,3,-6.5,0
69.6031,-307.4159,LCV,MZBER,0,0,3,-5.5,0
121.5627,-326,SAT,MZBER,0,0,6,-6.5,0
129.0815,-283.8947,SAT,MZBER,0,0,3,-6.5,0
112.0389,-287.9048,SAT,MZBER,0,0,6,-6.5,0
91.043199999999985,-316.9091,SAT,MZBER,0,0,3,-5.5,0
114.84,-280.902,XJB,MZBER,0,0,3,-6.5,0
110.0178,-294.6047,LCV,MZBER,0,0,3,-6.5,0
84.7495,-305.4872,LCV,MZBER,0,0,3,-5.5,0
110.7898,-289.9344,LCV,MZBER,0,0,3,-7.5,0
118.7055,-283.1429,SAT,MZBER,0,0,3,-5.5,0
106.1341,-306,LCV,MZBER,0,0,3,-6.5,0
100.13409999999999,-285.2391,XJB,MZBER,0,0,3,-6.5,0
106.38409999999999,-276,SAT,MZBER,0,0,3,-7.5,0
118.55519999999999,-315.4737,SAT,PQKE,0,0,3,-5.5,0
103.4674,-312.6667,SAT,MZBER,0,0,3,-4.5,0
116.80080000000001,-292.6667,SAT,MZBER,0,0,6,-7.5,0
114.41980000000001,-292.6667,SAT,MZBER,0,0,3,-6.5,0
118.2192,-306.2432,XJB,YEQA,0,0,3,-4.5,0
150.1341,-226,SAT,MZBER,0,0,3,-6.5,0
50.1341,-326,SAT,MZBER,0,0,3,-7.5,0
150.1341,-276,SAT,MZBER,0,0,3,-4.5,0
132.7428,-299.913,SAT,MZBER,0,0,3,-5.5,0
50.1341,-326,SAT,MZBER,0,0,3,-3.5,0
90.364,-313.3563,LCV,MZBER,0,0,4,-2.5,0
102.96430000000001,-316.566,SAT,MZBER,0,1,3,-5.5,0
129.5155,-283.73199999999997,LCV,MZBER,0,0,3,-3.5,0
50.1341,-326,SAT,MZBER,0,0,6,-6.5,0
108.7548,-279.4483,LCV,MZBER,0,0,3,-6.5,0
98.5915,-312.7514,XJB,MZBER,0,0,3,-4.5,0
113.292,-262.8421,SAT,MZBER,0,0,3,-7.5,0
50.1341,-326,XJB,MZBER,0,0,3,-7.5,0
87.7964,-319.5065,SAT,MZBER,0,0,5,-6.5,0
92.904,-296.6721,XJB,YEQA,0,0,3,-2.5,0
122.6532,-282.4885,LCV,MZBER,0,0,3,-3.5,0
119.03649999999999,-294.2927,LCV,MZBER,0,0,3,-4.5,0
108.4674,-309.3333,SAT,MZBER,0,1,3,-7.5,0
95.7863,-311.6522,XJB,MZBER,0,0,3,-7.5,0
106.1341,-304,LCV,MZBER,0,0,3,-7.5,0
114.5409,-307.3559,LCV,MZBER,0,0,3,-3.5,0
110.76400000000001,-305.5276,XJB,MZBER,0,0,3,-4.5,0
92.991199999999992,-304.5714,SAT,MZBER,0,0,6,-7.5,0
103.88409999999999,-303.5,LCV,MZBER,1,0,3,-6.5,1
109.70859999999999,-294.0851,SAT,MZBER,0,0,3,-5.5,0
111.0037,-295.5652,SAT,MZBER,0,0,3,-4.5,0
50.1341,-326,SAT,MZBER,0,0,6,-3.5,0
50.1341,-326,LCV,MZBER,0,0,3,-7.5,0
88.817199999999985,-301.4115,QKP,MZBER,0,1,6,-4.5,0
101.5307,-298.6257,LCV,MZBER,0,0,3,-5.5,0
86.170099999999991,-298.973,LCV,MZBER,0,0,3,-3.5,0
90.2067,-291.3753,QKP,MZBER,0,0,3,-3.5,0
84.916699999999992,-299.913,SAT,MZBER,0,0,6,-7.5,0
101.61919999999999,-292.3366,LCV,MZBER,0,0,3,-5.5,0
73.9436,-302.1905,XJB,MZBER,0,0,3,-6.5,0
125.60579999999999,-280.717,LCV,MZBER,0,0,3,-5.5,0
110.13409999999999,-299.0435,LCV,MZBER,0,0,3,-5.5,0
131.3841,-291.625,LCV,MZBER,0,0,3,-5.5,0
117.5161,-291.2361,XJB,MZBER,0,0,3,-4.5,0
50.1341,-326,SAT,MZBER,0,0,6,-7.5,0
116.80080000000001,-259.3333,SAT,MZBER,0,0,3,-5.5,0
88.0129,-279.0303,LCV,MZBER,0,0,3,-1.5,0
116.80080000000001,-298.2222,SAT,ZUQF,0,0,3,-5.5,0
50.1341,-326,SAT,MZBER,0,0,6,-7.5,0
90.340299999999985,-303.3196,LCV,MZBER,0,0,3,-6.5,0
124.2082,-288.963,LCV,MZBER,0,0,3,-1.5,0
150.1341,-306,SAT,MZBER,0,0,6,-1.5,0
94.7124,-294.67470000000003,LCV,MZBER,0,0,4,-3.5,0
121.8732,-284.6957,SAT,MZBER,0,0,3,-1.5,0
110.3751,-303.7108,LCV,MZBER,0,0,4,-5.5,0
131.3841,-269.75,SAT,MZBER,0,0,3,-3.5,0
96.134099999999989,-300,LCV,MZBER,0,0,3,-4.5,0
97.5025,-285.6491,LCV,MZBER,0,0,3,-6.5,0
114.7174,-293.7083,LCV,MZBER,0,0,3,-4.5,0
102.63409999999999,-282,XJB,MZBER,0,0,3,-5.5,0
118.7055,-273.1429,LCV,MZBER,0,0,3,-1.5,0
113.98949999999999,-276.6024,LCV,MZBER,0,0,3,-5.5,0
113.17759999999998,-297.7391,LCV,MZBER,0,1,3,-5.5,0
100.13409999999999,-302.5625,LCV,MZBER,0,0,3,-7.5,0
150.1341,-326,SAT,MZBER,0,0,3,-3.5,0
50.1341,-326,SAT,MZBER,0,0,6,-7.5,0
50.1341,-326,SAT,MZBER,0,0,3,-7.5,0
115.5351,-259.3175,QKP,MZBER,0,0,3,-7.5,0
121.5627,-298.381,SAT,MZBER,0,0,3,-6.5,0
112.8792,-298.549,LCV,MZBER,0,0,3,-5.5,0
113.0373,-293.7419,LCV,MZBER,0,0,3,-5.5,0
109.225,-305.5455,LCV,MZBER,0,0,3,-4.5,0
127.9119,-281.5556,SAT,MZBER,0,0,3,-5.5,0
86.4977,-271.4545,SAT,MZBER,0,0,3,-6.5,0
100.52369999999999,-277.1688,XJB,MZBER,0,0,3,-4.5,0
103.6225,-260.8837,SAT,MZBER,0,0,3,-6.5,0
50.1341,-326,SAT,MZBER,0,0,3,-7.5,0
86.4977,-292.1616,XJB,MZBER,0,0,6,-2.5,0
134.0051,-274.38710000000003,SAT,MZBER,0,0,3,-5.5,0
106.9076,-308.1096,XJB,MZBER,0,1,3,-3.5,0
100.13409999999999,-276,LCV,MZBER,0,0,6,-4.5,0
100.13409999999999,-300.0506,LCV,MZBER,0,0,3,-5.5,0
108.26079999999999,-296.3857,XJB,MZBER,0,0,3,-5.5,0
105.6897,-309.3333,SAT,MZBER,0,0,6,-5.5,0
115.4906,-282.21569999999997,QKP,YEQA,0,0,3,-1.5,0
50.1341,-326,SAT,MZBER,0,0,6,-4.5,0
89.0815,-290.2105,LCV,MZBER,0,0,4,-6.5,0
91.5975,-279.6585,SAT,MZBER,0,0,5,-3.5,0
102.56129999999999,-314.3495,LCV,MZBER,0,0,3,-5.5,1
50.1341,-326,LCV,MZBER,0,0,3,-7.5,0
111.8967,-279.5324,QKP,MZBER,0,1,3,-3.5,0
111.9319,-300.1573,LCV,MZBER,0,0,3,-6.5,0
113.0971,-292.6667,LCV,MZBER,0,0,4,-5.5,0
110.4434,-275.1409,XJB,MZBER,0,0,3,-5.5,0
150.1341,-306,SAT,MZBER,0,0,3,-7.5,0
100.13409999999999,-301,SAT,MZBER,0,0,6,-6.5,0
102.30799999999999,-299.913,SAT,MZBER,0,0,6,-7.5,0
103.4674,-286,LCV,MZBER,0,0,3,-7.5,0
115.21349999999998,-300.6032,LCV,MZBER,0,0,3,-5.5,0
141.04319999999998,-298.7273,SAT,MZBER,0,0,3,-4.5,0
110.42819999999999,-298.0588,LCV,MZBER,0,0,3,-4.5,0
120.72229999999999,-295.1176,LCV,MZBER,0,0,3,-6.5,0
90.571300000000008,-307.694,XJB,MZBER,0,0,3,-2.5,0
126.3246,-292.6667,SAT,MZBER,0,0,3,-5.5,0
103.4674,-306,LCV,MZBER,0,0,3,-5.5,0
128.8575,-313.234,SAT,YEQA,0,0,6,-3.5,0
50.1341,-326,SAT,MZBER,0,0,6,-6.5,0
106.38409999999999,-288.5,SAT,MZBER,0,0,3,-7.5,0
111.24519999999998,-276,LCV,MZBER,0,0,3,-6.5,0
122.6831,-304.8235,XJB,MZBER,0,0,3,-4.5,0
96.035699999999991,-311.2459,LCV,MZBER,0,0,3,-6.5,0
111.72829999999999,-287.5942,LCV,MZBER,0,0,3,-6.5,0
107.63409999999999,-268.5,SAT,MZBER,0,0,3,-5.5,0
109.25819999999999,-309.5766,XJB,MZBER,0,0,3,-5.5,0
106.80080000000001,-291,LCV,MZBER,0,0,3,-5.5,0
150.1341,-259.3333,SAT,MZBER,0,0,3,-7.5,0
108.71019999999999,-289.1068,XJB,MZBER,0,0,3,-4.5,0
102.7657,-294.4211,SAT,MZBER,0,0,3,-6.5,0
101.74699999999999,-293.7419,SAT,MZBER,0,0,3,-7.5,0
127.0572,-272.1538,SAT,MZBER,0,0,3,-6.5,0
117.78120000000001,-278.9412,SAT,MZBER,0,0,3,-4.5,0
114.1151,-297.564,XJB,MZBER,0,0,3,-3.5,0
97.1929,-302.4706,SAT,MZBER,0,0,3,-6.5,0
78.952999999999989,-301.5906,XJB,MZBER,0,0,3,-5.5,0
50.1341,-326,SAT,MZBER,0,0,6,-5.5,0
83.0455,-310.8101,SAT,MZBER,0,0,4,-5.5,0
50.1341,-326,SAT,MZBER,0,0,5,-5.5,0
108.7548,-267.3793,SAT,MZBER,0,0,3,-2.5,0
97.826399999999992,-289.0769,LCV,MZBER,0,0,3,-5.5,0
94.961700000000008,-305.3103,SAT,MZBER,0,0,6,-4.5,0
102.51509999999999,-279.5714,LCV,MZBER,0,0,3,-6.5,0
110.13409999999999,-306,SAT,MZBER,0,0,6,-7.5,0
79.7637,-288.963,XJB,MZBER,0,0,3,-4.5,0
106.0663,-288.7119,LCV,MZBER,0,0,3,-7.5,0
67.2073,-312.5854,LCV,MZBER,0,0,3,-3.5,0
111.5675,-312.2344,XJB,PQKE,0,0,3,-2.5,0
109.42609999999999,-313.6106,LCV,MZBER,0,0,6,-6.5,0
116.80080000000001,-292.6667,SAT,MZBER,0,0,3,-7.5,0
121.5627,-288.5,LCV,MZBER,0,0,3,-6.5,0
95.588599999999985,-297.2121,LCV,MZBER,0,0,3,-3.5,0
125.13409999999999,-271,SAT,MZBER,0,0,3,-6.5,0
116.80080000000001,-259.3333,SAT,MZBER,0,0,5,-7.5,0
97.1929,-290.7059,SAT,MZBER,0,0,3,-3.5,0
117.99119999999999,-297.4286,LCV,MZBER,0,0,3,-6.5,0
125.13409999999999,-309.3333,SAT,PQKE,0,0,3,-6.5,0
90.134099999999989,-326,SAT,MZBER,0,0,6,-7.5,0
79.3008,-313.5,LCV,MZBER,0,0,3,-3.5,0
114.65019999999998,-300.1935,SAT,MZBER,0,0,3,-5.5,0
99.0703,-300.4681,LCV,MZBER,0,0,3,-4.5,0
100.13409999999999,-326,SAT,MZBER,0,0,3,-5.5,0
105.83879999999999,-304.8591,XJB,MZBER,0,0,6,-6.5,0
101.85819999999998,-298.4138,LCV,MZBER,0,0,3,-6.5,0
112.63409999999999,-290.2857,SAT,MZBER,0,1,3,-4.5,0
94.625599999999991,-285.322,XJB,MZBER,0,0,3,-5.5,0
107.27699999999999,-287.039,LCV,MZBER,0,0,3,-4.5,0
97.4674,-317.3333,LCV,MZBER,0,0,3,-7.5,0
119.225,-296.9091,LCV,MZBER,0,0,3,-5.5,0
110.21159999999999,-281.0388,XJB,MZBER,0,0,3,-5.5,0
119.09960000000001,-276,LCV,MZBER,0,0,3,-4.5,0
108.0987,-282.1947,XJB,MZBER,0,0,3,-4.5,0
121.5627,-297.4286,SAT,MZBER,0,0,3,-5.5,0
110.13409999999999,-286,SAT,MZBER,0,0,3,-7.5,0
112.8325,-303.7778,LCV,MZBER,0,0,3,-4.5,0
86.8554,-313.5878,QKP,MZBER,0,1,5,-2.5,0
108.7548,-271.5172,XJB,MZBER,0,0,3,-5.5,0
78.4169,-311.3535,LCV,MZBER,0,1,4,-4.5,0
86.154699999999991,-296.3259,XJB,YEQA,0,0,3,-2.5,0
128.1341,-305,LCV,MZBER,0,0,3,-5.5,0
133.0609,-277.2195,SAT,MZBER,0,0,3,-5.5,0
105.5298,-289.3094,LCV,MZBER,0,0,3,-5.5,0
104.3008,-292.6667,SAT,MZBER,0,0,3,-6.5,0
120.44659999999999,-304.6458,LCV,MZBER,0,0,3,-7.5,0
50.1341,-326,SAT,MZBER,0,0,3,-6.5,0
111.5449,-277.4523,XJB,MZBER,0,0,3,-3.5,0
94.578499999999991,-320.4444,SAT,ZUQF,0,0,3,-1.5,0
90.979199999999992,-307.6901,LCV,MZBER,0,0,3,-7.5,0
117.99119999999999,-297.4286,SAT,MZBER,0,0,3,-4.5,0
98.971299999999985,-295.7674,LCV,MZBER,0,0,3,-4.5,0
110.5301,-300.2574,LCV,MZBER,0,0,3,-7.5,0
87.4674,-300.6667,LCV,MZBER,0,0,3,-4.5,0
102.0572,-297.1538,LCV,MZBER,0,0,3,-6.5,0
50.1341,-326,SAT,MZBER,0,0,3,-5.5,0
99.6022,-285.5745,LCV,MZBER,0,0,3,-4.5,0
114.41980000000001,-304.5714,SAT,MZBER,0,0,3,-4.5,0
129.6213,-272.1538,SAT,MZBER,0,0,3,-6.5,0
114.51769999999999,-304.0822,LCV,MZBER,0,0,3,-5.5,0
115.6644,-289.2576,XJB,YEQA,0,0,3,-4.5,0
124.6439,-302.4706,LCV,MZBER,0,0,3,-6.5,0
89.3864,-298.2741,XJB,MZBER,0,0,3,-7.5,0
112.42920000000001,-299.77049999999997,LCV,MZBER,0,0,3,-3.5,0
111.74119999999999,-306.3571,LCV,MZBER,0,0,3,-7.5,0
125.13409999999999,-288.5,SAT,MZBER,0,0,3,-5.5,0
50.1341,-226,SAT,MZBER,0,0,3,-5.5,0
97.1929,-284.8235,SAT,MZBER,0,0,3,-6.5,0
140.1341,-296,LCV,MZBER,0,0,3,-6.5,0
79.3008,-316.625,LCV,MZBER,0,0,3,-6.5,0
120.13409999999999,-306,SAT,MZBER,0,0,3,-5.5,0
150.1341,-276,SAT,MZBER,0,0,3,-7.5,0
100.13409999999999,-301,LCV,MZBER,0,0,3,-5.5,0
91.7597,-306.2956,XJB,MZBER,0,0,3,-3.5,0
150.1341,-326,SAT,MZBER,0,0,3,-7.5,0
134.0421,-284.6207,XJB,YEQA,1,0,3,-4.5,0
109.68469999999999,-301.2809,LCV,MZBER,0,0,5,-3.5,0
109.3574,-294.932,XJB,MZBER,0,0,5,-4.5,0
84.302699999999987,-309.1435,XJB,MZBER,0,0,4,-6.5,0
107.89269999999999,-282.8966,LCV,MZBER,0,0,3,-2.5,0
103.9803,-279.8462,LCV,MZBER,0,0,3,-5.5,1
102.51509999999999,-297.4286,LCV,MZBER,0,0,6,-6.5,0
109.70859999999999,-289.8298,LCV,MZBER,0,0,3,-5.5,0
50.1341,-326,SAT,MZBER,0,0,3,-4.5,0
50.1341,-326,SAT,MZBER,0,0,3,-4.5,0
113.0971,-306.2469,LCV,MZBER,0,0,3,-6.5,0
108.36189999999999,-291.82280000000003,LCV,MZBER,0,0,3,-4.5,0
80.491199999999992,-301,LCV,MZBER,0,0,6,-7.5,0
98.3269,-277.80719999999997,LCV,MZBER,0,0,6,-2.5,0
122.286,-301.9494,LCV,MZBER,0,0,3,-4.5,0
102.8368,-300.7748,XJB,MZBER,0,0,4,-7.5,0
91.8008,-301,SAT,MZBER,0,0,3,-7.5,0
50.1341,-326,SAT,MZBER,0,0,3,-7.5,0
93.884099999999989,-282.25,LCV,MZBER,0,0,3,-3.5,0
130.1341,-286,SAT,MZBER,0,0,3,-2.5,0
150.1341,-326,SAT,MZBER,0,0,5,-7.5,0
116.40629999999999,-301.1479,LCV,MZBER,0,0,3,-4.5,0
50.1341,-326,LCV,MZBER,0,0,3,-2.5,0
99.154599999999988,-311.1981,QKP,MZBER,0,0,3,-3.5,0
83.4674,-226,SAT,MZBER,0,0,3,-4.5,0
91.4778,-281.6848,XJB,MZBER,0,0,3,-4.5,0
96.035699999999991,-296.4918,LCV,MZBER,0,0,3,-3.5,0
96.287900000000008,-264.4615,SAT,MZBER,0,0,3,-4.5,0
101.8444,-287.5694,XJB,MZBER,0,0,3,-4.5,0
117.29829999999998,-295.6517,XJB,MZBER,0,0,3,-6.5,0
105.7126,-288.80989999999997,XJB,MZBER,0,0,3,-1.5,0
117.70169999999999,-301.6757,SAT,MZBER,0,0,3,-5.5,0
97.5025,-308.4561,LCV,MZBER,0,0,3,-5.5,0
115.25040000000001,-265.5349,SAT,MZBER,0,0,3,-5.5,0
50.1341,-326,SAT,MZBER,0,0,3,-3.5,0
109.4125,-285.79380000000003,LCV,MZBER,0,0,3,-3.5,0
106.69149999999999,-282.55740000000003,LCV,MZBER,0,0,3,-5.5,0
96.3526,-283.9832,LCV,MZBER,0,0,3,-3.5,0
100.13409999999999,-279.3333,LCV,MZBER,0,0,3,-7.5,0
119.2517,-302.4706,LCV,MZBER,0,0,4,-3.5,0
114.999,-293.56759999999997,LCV,MZBER,0,0,3,-7.5,0
87.634099999999989,-313.5,LCV,MZBER,0,0,4,-4.5,0
84.5328,-287.2134,QKP,MZBER,0,0,3,-3.5,0
80.134099999999989,-296,SAT,MZBER,0,0,3,-3.5,0
98.0574,-287.6613,XJB,MZBER,0,0,5,-4.5,0
91.0865,-300.2857,LCV,MZBER,0,0,3,-6.5,0
117.08089999999999,-288.8852,XJB,MZBER,0,0,3,-4.5,0
104.3008,-292.6667,LCV,MZBER,0,0,3,-5.5,0
115.845,-309.8511,QKP,ZUQF,0,0,3,-1.5,0
77.4068,-286.6061,SAT,MZBER,0,0,3,-7.5,0
73.4821,-304.8546,LCV,MZBER,0,0,6,-4.5,0
121.76659999999998,-306.6423,QKP,YEQA,0,0,6,-5.5,0
50.1341,-326,SAT,MZBER,0,0,3,-7.5,0
87.0193,-302.22950000000003,LCV,MZBER,0,0,3,-5.5,0
150.1341,-309.3333,SAT,MZBER,0,0,3,-5.5,0
107.27699999999999,-306.9524,SAT,MZBER,0,0,3,-7.5,0
130.1341,-316,SAT,MZBER,0,0,3,-6.5,0
150.1341,-292.6667,SAT,MZBER,0,0,6,-7.5,0
100.13409999999999,-276,SAT,MZBER,0,0,6,-6.5,0
128.5655,-292.6667,SAT,MZBER,0,0,3,-5.5,0
150.1341,-326,SAT,MZBER,0,0,6,-5.5,0
84.2804,-308.9268,SAT,MZBER,0,0,3,-7.5,0
113.62619999999998,-310.127,LCV,MZBER,0,0,3,-5.5,0
110.274,-307.8182,LCV,MZBER,0,0,3,-3.5,0
114.41980000000001,-293.8571,SAT,MZBER,0,0,3,-3.5,0
145.1341,-306,SAT,MZBER,0,0,3,-5.5,0
91.8008,-301,SAT,MZBER,0,0,6,-6.5,0
86.8573,-302.8362,XJB,MZBER,0,0,3,-3.5,0
50.1341,-326,SAT,MZBER,0,0,3,-7.5,0
50.1341,-326,SAT,MZBER,0,0,3,-5.5,0
67.8556,-322.2025,SAT,MZBER,0,0,3,-6.5,0
95.134099999999989,-284.75,LCV,MZBER,0,0,3,-6.5,0
82.634099999999989,-304.75,LCV,MZBER,0,0,3,-5.5,0
114.6911,-294.3544,LCV,MZBER,0,0,3,-3.5,0
50.1341,-326,SAT,MZBER,0,0,6,-5.5,0
130.7463,-293.3469,LCV,MZBER,0,0,3,-5.5,0
102.7114,-261.05150000000003,LCV,MZBER,0,0,4,-3.5,0
106.23169999999999,-299.1707,SAT,PQKE,0,0,3,-4.5,0
112.8792,-288.7451,LCV,MZBER,0,0,3,-5.5,0
50.1341,-326,SAT,MZBER,0,0,6,-7.5,0
125.13409999999999,-284.3333,SAT,MZBER,0,0,3,-6.5,0
116.6925,-290.2857,XJB,MZBER,1,0,3,-5.5,1
133.4674,-292.6667,SAT,MZBER,0,0,3,-4.5,0
89.196599999999989,-291.625,LCV,MZBER,0,0,3,-2.5,0
94.578499999999991,-270.4444,LCV,MZBER,0,0,4,-4.5,0
50.1341,-326,SAT,MZBER,0,0,3,-6.5,0
124.41980000000001,-271.7143,LCV,MZBER,0,0,3,-3.5,0
80.5689,-291.2174,SAT,MZBER,0,0,3,-4.5,0
99.5389,-298.0238,LCV,MZBER,0,0,3,-5.5,0
50.1341,-326,SAT,MZBER,0,0,3,-4.5,0
80.746299999999991,-284.1633,LCV,MZBER,0,0,3,-3.5,0
97.5917,-319.2203,LCV,MZBER,0,0,3,-5.5,0
71.8732,-273.8261,SAT,MZBER,0,0,3,-6.5,0
106.24269999999999,-285.7285,XJB,MZBER,0,0,3,-3.5,0
97.960199999999986,-294.1159,LCV,MZBER,0,0,3,-5.5,1
111.3629,-301.2119,XJB,MZBER,0,0,3,-5.5,0
94.578499999999991,-303.7778,SAT,MZBER,0,0,3,-5.5,0
78.8547,-310.5953,XJB,MZBER,0,0,3,-6.5,0
90.8748,-297.6049,LCV,MZBER,0,0,3,-6.5,0
84.3642,-296.6865,QKP,MZBER,0,0,3,-5.5,0
115.35149999999999,-273.8261,SAT,MZBER,0,0,3,-5.5,0
133.7705,-298.7273,LCV,MZBER,0,0,3,-2.5,0
126.2284,-309.8384,XJB,PQKE,0,0,3,-6.5,0
114.74949999999998,-287.5385,LCV,MZBER,0,0,3,-2.5,0
124.45839999999998,-286.8108,LCV,MZBER,0,0,3,-6.5,0
117.5207,-279.3477,XJB,MZBER,0,0,3,-4.5,0
98.134099999999989,-302,SAT,MZBER,0,0,3,-3.5,0
108.1051,-287.8357,XJB,MZBER,0,0,3,-4.5,0
110.5115,-303.3585,LCV,MZBER,0,0,3,-6.5,0
119.293,-289.5514,LCV,MZBER,0,0,3,-5.5,0
73.6635,-314.2353,SAT,MZBER,0,0,6,-5.5,0
122.16799999999998,-271.7627,LCV,MZBER,0,0,3,-3.5,0
124.45839999999998,-285.4595,LCV,MZBER,0,0,3,-3.5,0
109.2536,-312.1635,XJB,MZBER,0,0,3,-4.5,0
117.4068,-311.4545,LCV,MZBER,0,0,6,-6.5,0
113.87039999999999,-290.8352,LCV,MZBER,0,0,3,-5.5,0
82.487,-323.0588,LCV,MZBER,0,0,6,-3.5,0
107.54149999999998,-307.4815,LCV,MZBER,0,0,3,-5.5,0
121.8732,-285.7826,LCV,MZBER,0,0,3,-4.5,0
90.134099999999989,-300.5946,XJB,MZBER,0,0,4,-5.5,0
83.732,-308.2751,XJB,MZBER,0,0,3,-7.5,0
70.134099999999989,-286,SAT,MZBER,0,0,3,-4.5,0
134.0051,-274.38710000000003,SAT,MZBER,0,0,3,-6.5,0
150.1341,-326,SAT,MZBER,0,0,3,-6.5,0
89.0685,-305.918,XJB,MZBER,0,0,3,-3.5,0
124.27199999999999,-294.9655,LCV,MZBER,0,0,3,-5.5,0
150.1341,-276,SAT,MZBER,0,0,3,-7.5,0
90.651299999999992,-310.4828,LCV,MZBER,0,0,6,-1.5,0
89.3094,-312.5979,LCV,MZBER,0,0,4,-6.5,0
114.41980000000001,-318.8571,SAT,MZBER,0,0,6,-3.5,0
117.576,-298.093,SAT,MZBER,0,0,6,-5.5,0
107.27699999999999,-273.619,SAT,MZBER,0,0,5,-2.5,0
70.134099999999989,-271,SAT,MZBER,0,0,3,-3.5,0
108.56109999999998,-302.4045,LCV,MZBER,0,0,5,-6.5,0
150.1341,-326,SAT,MZBER,0,0,3,-6.5,0
121.5627,-315.2857,SAT,MZBER,0,0,3,-6.5,0
84.6502,-311.8065,LCV,MZBER,0,0,3,-5.5,0
50.1341,-326,SAT,MZBER,0,0,6,-4.5,0
114.285,-307.1321,XJB,MZBER,0,0,3,-5.5,0
112.9248,-291.1163,SAT,MZBER,0,0,3,-5.5,0
87.748799999999989,-300.3119,XJB,MZBER,0,0,3,-4.5,0
109.023,-296,LCV,MZBER,0,0,3,-7.5,0
109.3934,-300.0741,LCV,MZBER,0,0,3,-3.5,0
110.89359999999999,-286.7595,LCV,MZBER,0,0,3,-5.5,0
126.9762,-283.8947,LCV,MZBER,0,0,3,-5.5,0
50.1341,-326,SAT,MZBER,0,0,3,-7.5,0
88.917399999999986,-303.1863,XJB,MZBER,0,0,3,-5.5,0
86.7461,-304.6885,LCV,MZBER,0,0,3,-6.5,0
132.487,-261.2941,SAT,MZBER,0,0,3,-5.5,0
91.8519,-306.3681,LCV,MZBER,0,0,5,-6.5,0
99.0924,-288.5,LCV,MZBER,0,0,4,-1.5,0
113.0373,-319.5484,LCV,MZBER,0,0,6,-6.5,0
66.4262,-308.5843,LCV,MZBER,0,0,3,-7.5,0
108.86429999999999,-292.6667,LCV,MZBER,0,0,3,-5.5,0
124.60220000000001,-297.27660000000003,LCV,MZBER,0,0,3,-7.5,0
95.678699999999992,-321.0495,LCV,MZBER,0,0,4,-6.5,0
124.4931,-305.4872,SAT,MZBER,0,0,3,-5.5,0
121.5627,-278.381,SAT,MZBER,0,0,3,-5.5,0
75.134099999999989,-326,SAT,MZBER,0,0,3,-6.5,0
96.384099999999989,-292.25,LCV,MZBER,0,0,3,-5.5,0
108.27359999999999,-302.7442,LCV,YEQA,0,0,3,-3.5,0
107.7216,-279.6965,XJB,MZBER,0,0,3,-5.5,0
150.1341,-326,SAT,MZBER,0,0,6,-6.5,0
98.852,-287.5385,LCV,MZBER,0,0,3,-3.5,0
96.562699999999992,-284.0357,LCV,MZBER,0,0,3,-3.5,0
87.32419999999999,-298.0341,QKP,MZBER,0,0,3,-3.5,0
116.80080000000001,-280.1667,SAT,MZBER,0,0,5,-7.5,0
108.4674,-282.25,SAT,MZBER,0,0,3,-7.5,0
108.5848,-296.4225,LCV,MZBER,0,0,6,-7.5,0
113.17759999999998,-302.087,LCV,MZBER,0,0,3,-6.5,0
50.1341,-326,LCV,MZBER,0,0,6,-7.5,0
103.25909999999999,-277.0417,LCV,MZBER,0,0,3,-3.5,0
104.4965,-282.3758,LCV,MZBER,0,0,3,-6.5,1
141.8008,-309.3333,SAT,MZBER,0,0,3,-6.5,0
99.5594,-294.9655,LCV,MZBER,0,0,3,-2.5,0
124.2082,-311.1852,SAT,MZBER,0,0,4,-5.5,0
126.8331,-290.0777,XJB,MZBER,0,0,5,-7.5,0
87.748799999999989,-288.38530000000003,LCV,MZBER,0,0,3,-2.5,0
101.6805,-302.2887,LCV,MZBER,0,0,3,-7.5,0
109.62780000000001,-308.2785,LCV,MZBER,0,0,3,-4.5,0
88.7306,-317.2281,LCV,MZBER,0,0,4,-5.5,0
108.304,-279.5948,LCV,MZBER,0,0,3,-2.5,0
108.57570000000001,-288.3377,LCV,MZBER,0,0,3,-4.5,0
108.1698,-280.4643,LCV,MZBER,0,0,3,-1.5,0
75.3374,-313.8049,LCV,MZBER,0,0,3,-5.5,0
135.1341,-271,SAT,MZBER,0,0,3,-2.5,0
50.1341,-326,SAT,MZBER,0,0,6,-7.5,0
107.22149999999999,-287.165,XJB,MZBER,0,0,3,-3.5,0
84.8008,-300.6667,LCV,MZBER,0,0,3,-4.5,0
86.408599999999993,-289.7255,LCV,MZBER,0,0,3,-2.5,0
50.1341,-326,SAT,MZBER,0,0,3,-7.5,0
111.8988,-278.9412,SAT,MZBER,0,0,3,-3.5,0
139.023,-314.8889,SAT,MZBER,0,0,3,-3.5,0
88.7705,-303.2727,SAT,MZBER,0,0,3,-5.5,0
113.6236,-307.9063,XJB,MZBER,0,0,3,-3.5,0
88.7055,-288.8571,LCV,MZBER,0,0,3,-4.5,0
98.571599999999989,-302.5625,LCV,MZBER,0,0,3,-3.5,0
106.1341,-290,SAT,MZBER,0,0,3,-7.5,0
98.134099999999989,-326,SAT,MZBER,0,0,3,-5.5,0
102.2096,-298.8302,XJB,MZBER,0,0,3,-5.5,0
125.13409999999999,-302.9231,LCV,MZBER,0,0,3,-5.5,0
101.69659999999999,-293.1875,LCV,MZBER,0,0,4,-7.5,0
91.8008,-287.1111,LCV,MZBER,0,0,3,-4.5,0
112.63409999999999,-301,SAT,MZBER,0,0,3,-6.5,0
117.1671,-294.1319,LCV,MZBER,0,0,3,-5.5,0
82.7267,-308.963,LCV,MZBER,0,0,3,-5.5,0
115.0464,-313.1345,XJB,MZBER,0,0,3,-3.5,0
50.1341,-326,LCV,MZBER,0,0,4,-6.5,0
112.0389,-287.9048,SAT,MZBER,0,0,3,-6.5,0
115.8484,-307.4286,LCV,MZBER,0,0,3,-5.5,0
92.282899999999984,-301.2066,LCV,MZBER,0,0,3,-5.5,0
50.1341,-326,SAT,MZBER,0,0,3,-5.5,0
98.079299999999989,-294.4932,LCV,MZBER,0,0,6,-6.5,0
108.1986,-265.7849,LCV,MZBER,0,0,3,-5.5,0
106.6858,-293.5862,XJB,MZBER,0,0,3,-2.5,0
119.86779999999999,-297.6707,XJB,MZBER,0,0,3,-2.5,0
90.134099999999989,-309.3333,LCV,MZBER,0,0,3,-4.5,0
122.5831,-297.4286,LCV,MZBER,0,0,4,-4.5,0
50.1341,-326,SAT,MZBER,0,0,6,-7.5,0
89.2962,-286.4736,XJB,MZBER,0,0,3,-4.5,0
71.562699999999992,-297.4286,SAT,MZBER,0,0,3,-4.5,0
72.2271,-321.3488,LCV,MZBER,0,0,3,-6.5,0
110.6219,-276.6504,QKP,MZBER,0,0,3,-1.5,0
92.991199999999992,-301.5102,SAT,MZBER,0,0,3,-4.5,0
117.73339999999999,-297.0842,QKP,MZBER,0,0,3,-3.5,0
131.95229999999998,-301.7576,LCV,MZBER,0,0,3,-2.5,0
114.13409999999999,-297,LCV,MZBER,0,0,3,-7.5,0
110.42819999999999,-301,LCV,MZBER,0,0,3,-5.5,0
50.1341,-326,SAT,MZBER,0,0,3,-5.5,0
119.09960000000001,-281.1724,LCV,MZBER,0,0,3,-5.5,0
105.56479999999999,-293.7903,SAT,MZBER,0,0,3,-5.5,0
119.3649,-264.4615,SAT,MZBER,0,0,3,-7.5,0
118.55519999999999,-289.1579,SAT,MZBER,0,0,3,-7.5,0
120.92940000000002,-305.661,XJB,PQKE,0,0,3,-5.5,0
100.13409999999999,-274.2759,LCV,MZBER,0,0,3,-4.5,0
128.8575,-304.72339999999997,LCV,MZBER,0,0,3,-3.5,0
91.8008,-313.5,SAT,MZBER,0,0,3,-6.5,0
121.725,-296.4545,LCV,MZBER,0,0,3,-5.5,0
115.35149999999999,-293.3913,SAT,MZBER,0,1,3,-7.5,0
112.95679999999999,-300.6988,XJB,MZBER,0,0,3,-3.5,0
121.5627,-307.3665,LCV,PQKE,0,0,3,-5.5,0
137.84359999999998,-269.5754,LCV,MZBER,0,0,3,-7.5,0
78.899599999999992,-313.4778,QKP,MZBER,0,1,6,-6.5,0
107.137,-291.0833,QKP,YEQA,0,0,3,-3.5,0
113.4674,-279.3333,SAT,MZBER,0,0,3,-6.5,0
89.023,-301.9259,LCV,MZBER,0,0,3,-5.5,0
99.409500000000008,-294.1159,LCV,MZBER,0,0,3,-7.5,0
92.991199999999992,-290.2857,SAT,MZBER,0,0,3,-1.5,0
119.9454,-292.0377,LCV,MZBER,0,0,3,-6.5,0
120.5341,-284.4,LCV,MZBER,0,0,3,-4.5,0
50.1341,-326,SAT,MZBER,0,0,6,-5.5,0
118.13409999999999,-286,SAT,MZBER,0,0,3,-7.5,0
109.7832,-285.6491,LCV,MZBER,0,0,3,-3.5,0
123.8183,-310.2105,SAT,MZBER,0,0,3,-7.5,0
122.8614,-280.5455,SAT,MZBER,0,0,3,-4.5,0
114.4819,-290.3478,LCV,MZBER,0,0,3,-5.5,0
106.6998,-298.7273,LCV,MZBER,0,0,3,-7.5,0
105.6897,-292.6667,SAT,MZBER,0,0,3,-5.5,0
85.689699999999988,-306,SAT,MZBER,0,0,6,-5.5,0
68.4182,-314.3263,XJB,MZBER,0,0,3,-7.5,0
97.0729,-305.5918,LCV,YEQA,0,0,3,-4.5,0
115.6103,-289.0952,LCV,MZBER,0,0,3,-1.5,0
50.1341,-326,SAT,MZBER,0,0,3,-7.5,0
50.1341,-326,SAT,MZBER,0,0,3,-4.5,0
102.4068,-291.90909999999997,SAT,MZBER,0,0,3,-3.5,0
86.8008,-309.3333,LCV,MZBER,0,0,3,-3.5,0
131.0865,-306.9524,SAT,MZBER,0,0,3,-4.5,0
87.9119,-290.4444,LCV,MZBER,0,0,3,-5.5,0
80.5689,-312.9565,LCV,MZBER,0,0,4,-3.5,0
50.1341,-326,SAT,MZBER,0,0,3,-6.5,0
128.5125,-301.6757,SAT,MZBER,0,0,3,-4.5,0
115.25040000000001,-286.4651,SAT,MZBER,0,0,3,-5.5,0
96.645699999999991,-285.3023,LCV,MZBER,0,0,3,-6.5,0
99.5532,-267.3633,QKP,MZBER,0,0,3,-7.5,0
110.3751,-306.7229,LCV,MZBER,0,0,3,-5.5,0
103.5322,-294.932,LCV,MZBER,0,0,5,-4.5,0
88.2293,-285.5238,SAT,MZBER,0,0,3,-4.5,0
110.769,-293.619,XJB,MZBER,0,0,3,-4.5,0
123.719,-298.6415,LCV,MZBER,0,0,3,-5.5,0
121.5627,-283.1429,SAT,MZBER,0,0,3,-7.5,0
107.53049999999999,-292.8639,LCV,MZBER,0,0,3,-4.5,0
50.1341,-326,SAT,MZBER,0,0,3,-4.5,0
120.40439999999998,-304.3784,SAT,MZBER,0,0,3,-4.5,0
50.1341,-326,SAT,MZBER,0,0,6,-5.5,0
96.287900000000008,-295.2308,SAT,MZBER,0,0,4,-6.5,0
68.59559999999999,-310.6154,LCV,MZBER,0,0,3,-5.5,0
93.9598,-296.7022,XJB,MZBER,0,0,3,-5.5,0
111.13409999999999,-293,LCV,MZBER,0,0,3,-3.5,0
102.5731,-306.4878,LCV,MZBER,0,0,3,-4.5,0
114.179,-305.7753,LCV,MZBER,0,0,3,-6.5,0
65.0277,-294.0851,LCV,MZBER,0,0,5,-7.5,0
137.6341,-276,SAT,MZBER,0,0,3,-7.5,0
50.1341,-326,SAT,MZBER,0,0,6,-5.5,0
112.3983,-271.283,LCV,MZBER,0,0,3,-6.5,0
113.87039999999999,-312.4469,XJB,MZBER,0,0,3,-6.5,0
95.998799999999989,-298.9323,LCV,MZBER,0,0,3,-5.5,0
106.5967,-283.1429,XJB,MZBER,0,0,3,-4.5,0
79.7116,-303.4648,LCV,MZBER,0,0,6,-5.5,0
117.1276,-289.5076,XJB,MZBER,0,1,3,-3.5,0
107.9853,-275.5868,LCV,MZBER,0,0,4,-3.5,0
118.36939999999998,-282.4706,LCV,MZBER,0,0,3,-3.5,0
102.5731,-290.6341,LCV,MZBER,0,0,3,-6.5,0
116.80080000000001,-326,SAT,MZBER,0,0,3,-2.5,0
88.490299999999991,-306.8219,LCV,MZBER,1,0,3,-3.5,0
115.5187,-287.5385,SAT,MZBER,0,0,3,-5.5,0
76.5932,-294.4825,XJB,MZBER,0,0,3,-2.5,0
93.7705,-295.0909,LCV,MZBER,0,0,3,-1.5,0
114.5409,-300.5763,LCV,MZBER,0,0,3,-4.5,0
108.3384,-300.3034,XJB,MZBER,0,0,3,-4.5,0
116.9819,-289.587,LCV,MZBER,0,0,3,-6.5,0
130.6897,-298.2222,LCV,MZBER,0,0,3,-4.5,0
115.25040000000001,-291.1163,SAT,MZBER,0,0,3,-5.5,0
98.571599999999989,-283.8125,LCV,MZBER,0,0,3,-4.5,0
69.225,-317.3636,XJB,MZBER,0,0,6,-7.5,0
112.63409999999999,-276,SAT,MZBER,0,0,3,-6.5,0
79.7637,-309.3333,LCV,MZBER,0,0,6,-5.5,0
116.80080000000001,-292.6667,SAT,MZBER,0,0,3,-2.5,0
71.9828,-315.916,LCV,MZBER,0,0,6,-5.5,0
129.3549,-310.4156,LCV,PQKE,0,0,3,-4.5,0
95.8484,-314.5714,SAT,PQKE,0,0,3,-5.5,0
94.578499999999991,-281.5556,SAT,MZBER,0,0,3,-6.5,0
93.6124,-295.5652,SAT,MZBER,0,0,3,-5.5,0
116.80080000000001,-326,SAT,MZBER,0,0,3,-7.5,0
114.9805,-275.1468,XJB,MZBER,0,0,3,-3.5,0
50.1341,-326,SAT,MZBER,0,0,3,-4.5,0
50.1341,-326,SAT,MZBER,0,0,6,-6.5,0
112.8792,-300.5098,LCV,MZBER,0,0,3,-6.5,0
128.7055,-277.1905,LCV,MZBER,0,0,3,-7.5,0
106.9806,-294.8797,XJB,MZBER,0,0,3,-4.5,0
74.3765,-307.8182,SAT,MZBER,0,0,3,-3.5,0
131.0865,-276.7937,LCV,MZBER,0,0,3,-7.5,0
108.98579999999998,-292.5072,XJB,MZBER,0,0,3,-3.5,0
116.28789999999998,-287.0256,LCV,MZBER,0,0,3,-5.5,0
109.2981,-293.5241,XJB,MZBER,0,0,3,-6.5,0
105.6897,-326,SAT,MZBER,0,0,3,-5.5,0
75.134099999999989,-301,SAT,MZBER,0,0,6,-5.5,0
107.82639999999999,-272.1538,SAT,MZBER,0,0,3,-6.5,0
101.8008,-289.3333,LCV,MZBER,0,0,3,-4.5,0
113.211,-296.7692,LCV,MZBER,0,0,3,-3.5,0
77.8368,-311.1351,LCV,MZBER,0,0,3,-6.5,0
150.1341,-226,SAT,MZBER,0,0,3,-5.5,0
86.5539,-292.6667,XJB,MZBER,0,0,3,-5.5,0
115.13909999999998,-282.331,QKP,MZBER,0,0,3,-3.5,0
97.9217,-299.4513,LCV,MZBER,0,0,6,-6.5,0
72.941099999999992,-318.9825,LCV,MZBER,0,0,6,-7.5,0
95.0616,-302.8116,LCV,MZBER,0,0,5,-7.5,0
91.2799,-295.2708,XJB,MZBER,0,0,3,-7.5,0
110.618,-313.0968,LCV,MZBER,0,0,3,-6.5,0
85.2087,-282.7164,LCV,MZBER,0,0,4,-5.5,0
110.1768,-290.95730000000003,XJB,YEQA,0,0,3,-2.5,0
109.7699,-294.437,XJB,YEQA,0,0,3,-2.5,0
128.3654,-281.102,LCV,MZBER,0,0,3,-6.5,0
132.8817,-285.4249,XJB,YEQA,0,0,3,-2.5,0
109.67609999999999,-300.8092,LCV,MZBER,0,0,3,-5.5,0
111.4977,-273.7273,XJB,MZBER,0,0,3,-4.5,0
73.910299999999992,-315.5105,LCV,MZBER,0,0,3,-6.5,0
120.01059999999998,-304.0247,XJB,MZBER,0,0,3,-3.5,0
126.3246,-302.1905,SAT,MZBER,0,0,6,-5.5,0
50.1341,-326,SAT,MZBER,0,0,6,-5.5,0
130.7311,-285.7015,LCV,MZBER,0,0,3,-3.5,0
108.1051,-307.1594,LCV,MZBER,0,0,5,-5.5,0
93.377299999999991,-323.2973,SAT,MZBER,0,0,6,-6.5,0
85.689699999999988,-312.6667,SAT,MZBER,0,0,5,-6.5,0
113.59559999999999,-291.3846,LCV,MZBER,0,0,3,-4.5,0
109.7832,-294.4211,LCV,MZBER,0,0,3,-6.5,0
150.1341,-246,SAT,MZBER,0,0,3,-7.5,0
114.41980000000001,-304.5714,SAT,MZBER,0,0,3,-7.5,0
118.48849999999999,-274.1013,LCV,MZBER,0,0,3,-4.5,0
92.8124,-294.0851,XJB,MZBER,0,0,3,-3.5,0
104.9564,-294.0203,LCV,MZBER,0,0,3,-7.5,0
104.3397,-287.68219999999997,LCV,MZBER,0,0,3,-7.5,0
85.405399999999986,-285.6899,XJB,MZBER,0,0,3,-3.5,0
123.719,-299.5849,LCV,MZBER,0,0,3,-7.5,0
117.10659999999999,-294.8073,LCV,MZBER,0,0,3,-3.5,0
87.3965,-302.4259,XJB,MZBER,0,1,3,-3.5,0
109.74949999999998,-287.5385,LCV,MZBER,0,0,5,-5.5,0
101.4499,-299.6842,SAT,MZBER,0,0,5,-5.5,0
90.6746,-290.8649,SAT,MZBER,0,0,3,-1.5,0
105.6897,-292.6667,SAT,MZBER,0,0,5,-7.5,0
105.6897,-314.8889,SAT,MZBER,0,0,3,-6.5,0
103.1644,-295.697,LCV,MZBER,0,0,3,-4.5,0
76.277899999999988,-292.0131,LCV,MZBER,0,1,3,-5.5,0
150.1341,-259.3333,SAT,MZBER,0,0,3,-6.5,0
75.134099999999989,-286,SAT,MZBER,0,0,3,-4.5,0
118.18969999999999,-273.9167,LCV,MZBER,0,0,3,-4.5,0
122.8614,-280.5455,SAT,MZBER,0,0,3,-7.5,0
77.4068,-316.9091,SAT,MZBER,0,0,3,-4.5,0
124.4931,-300.359,SAT,MZBER,0,0,3,-7.5,0
108.29739999999998,-288.2449,LCV,MZBER,0,0,3,-4.5,0
98.6189,-301.7576,LCV,MZBER,0,0,3,-3.5,0
120.50450000000001,-303.037,LCV,MZBER,0,1,3,-2.5,0
75.537299999999988,-311.4839,XJB,MZBER,0,0,4,-6.5,0
89.023,-303.7778,SAT,MZBER,0,0,3,-6.5,0
100.13409999999999,-326,SAT,MZBER,0,0,3,-7.5,0
80.0361,-301.9804,LCV,MZBER,0,0,3,-5.5,0
98.3484,-281.3571,LCV,MZBER,0,0,3,-4.5,0
119.6078,-314.4211,LCV,MZBER,0,0,6,-6.5,0
116.80080000000001,-301,SAT,MZBER,0,0,6,-7.5,0
105.2452,-298.4444,LCV,MZBER,0,0,3,-4.5,0
50.1341,-326,SAT,MZBER,0,1,3,-4.5,0
75.6243,-300.5098,LCV,MZBER,0,0,5,-5.5,0
77.472199999999987,-311.6115,LCV,MZBER,0,0,6,-4.5,0
108.97389999999999,-308.3204,XJB,YEQA,0,0,3,-5.5,0
115.72549999999998,-284.0645,LCV,MZBER,0,0,3,-4.5,0
117.32990000000001,-286.3175,LCV,MZBER,0,0,3,-5.5,0
116.80080000000001,-292.6667,SAT,MZBER,0,0,3,-5.5,0
101.338,-295.3419,XJB,MZBER,0,0,4,-2.5,0
107.1108,-281.814,LCV,MZBER,0,0,3,-6.5,0
84.4077,-315.4217,XJB,MZBER,0,0,3,-3.5,0
100.13409999999999,-310.375,SAT,MZBER,0,0,3,-6.5,0
110.5508,-313.8472,XJB,MZBER,0,0,3,-6.5,0
114.023,-299.6111,LCV,MZBER,0,1,3,-5.5,1
82.601599999999991,-310.4156,LCV,MZBER,0,0,3,-4.5,0
61.5701,-322.2963,LCV,MZBER,0,0,3,-4.5,0
100.13409999999999,-316,SAT,MZBER,0,0,3,-5.5,0
96.929,-276,LCV,MZBER,0,0,3,-6.5,0
107.27699999999999,-294.1319,LCV,MZBER,0,0,5,-4.5,0
113.5487,-269.9024,SAT,MZBER,0,0,3,-7.5,0
82.4008,-305.3333,XJB,MZBER,0,0,5,-6.5,0
125.13409999999999,-269.9655,LCV,MZBER,0,0,3,-5.5,0
110.94489999999999,-298.973,LCV,MZBER,0,0,3,-3.5,0
92.507,-275.1525,LCV,MZBER,0,0,3,-7.5,0
104.7406,-293.0825,QKP,MZBER,0,0,3,-3.5,0
50.1341,-326,SAT,MZBER,0,0,3,-5.5,0
90.759099999999989,-278.6786,LCV,MZBER,0,0,3,-3.5,0
99.023,-288.2222,SAT,MZBER,0,0,3,-4.5,0
112.4198,-312,XJB,MZBER,0,0,3,-4.5,0
50.1341,-292.6667,SAT,MZBER,0,0,3,-5.5,0
118.55519999999999,-303.193,LCV,MZBER,0,0,3,-5.5,0
91.4039,-306.9524,LCV,MZBER,0,0,4,-5.5,0
98.0435,-282.446,XJB,MZBER,0,0,3,-2.5,0
134.6169,-284.6207,LCV,MZBER,0,0,3,-5.5,0
97.3563,-289.8889,LCV,MZBER,0,0,3,-3.5,0
116.80080000000001,-317.6667,LCV,MZBER,0,0,3,-6.5,0
100.13409999999999,-297.4286,SAT,MZBER,0,0,3,-6.5,0
118.67339999999999,-289.4831,XJB,MZBER,0,0,3,-4.5,0
108.65259999999999,-286.7407,LCV,MZBER,0,0,3,-3.5,0
95.2954,-303.4194,SAT,MZBER,0,0,3,-4.5,0
94.794299999999993,-277.4563,LCV,MZBER,0,0,3,-4.5,0
108.29739999999998,-302.5306,LCV,MZBER,0,0,3,-5.5,0
89.7567,-295.8113,LCV,MZBER,0,0,3,-3.5,0
50.1341,-326,SAT,MZBER,0,0,3,-7.5,0
50.1341,-326,SAT,MZBER,0,0,3,-7.5,0
116.01649999999998,-293.0588,LCV,MZBER,0,0,3,-6.5,0
112.0389,-285.5238,SAT,MZBER,0,0,3,-2.5,0
102.30799999999999,-295.5652,SAT,MZBER,0,0,3,-3.5,0
100.13409999999999,-286,SAT,MZBER,0,0,3,-5.5,0
114.0492,-319.1604,XJB,MZBER,0,0,3,-3.5,0
79.929999999999993,-309.87760000000003,XJB,MZBER,0,0,3,-3.5,0
92.3563,-270.4444,LCV,MZBER,0,0,3,-7.5,0
123.8183,-276.3759,LCV,MZBER,0,0,3,-3.5,0
91.879799999999989,-312.907,XJB,MZBER,0,0,3,-4.5,0
117.1671,-276.5495,LCV,MZBER,0,0,3,-3.5,0
98.852,-288.8205,LCV,MZBER,0,0,3,-3.5,0
116.80080000000001,-314.8889,SAT,MZBER,0,0,3,-6.5,0
50.1341,-326,SAT,MZBER,0,0,3,-7.5,0
105.3424,-303.0833,LCV,MZBER,0,0,3,-5.5,0
121.78039999999999,-288.1951,XJB,MZBER,0,0,3,-3.5,0
113.19720000000001,-285.4595,LCV,MZBER,0,0,3,-4.5,0
126.60470000000001,-285.41179999999997,LCV,MZBER,0,0,3,-7.5,0
104.8563,-308.7778,XJB,MZBER,0,0,3,-7.5,0
96.287900000000008,-282.4103,SAT,MZBER,0,0,3,-6.5,0
88.9096,-303.551,LCV,MZBER,0,0,3,-5.5,0
117.1292,-272.798,XJB,MZBER,0,0,3,-5.5,0
94.362,-293.4663,XJB,MZBER,1,0,3,-7.5,0
87.05,-301.7009,LCV,MZBER,0,0,5,-6.5,0
50.1341,-326,LCV,MZBER,0,0,3,-4.5,0
74.2082,-309.3333,LCV,MZBER,0,0,6,-4.5,0
107.487,-301,LCV,MZBER,0,0,3,-3.5,0
137.6341,-293.5,SAT,MZBER,0,0,3,-4.5,0
98.6635,-315.7059,LCV,MZBER,0,0,3,-4.5,0
92.991199999999992,-278.381,SAT,MZBER,0,0,3,-2.5,0
117.876,-293.7419,LCV,MZBER,0,0,3,-5.5,0
124.0471,-278.1739,SAT,MZBER,0,0,4,-7.5,0
93.134099999999989,-290,LCV,MZBER,0,0,3,-5.5,0
95.2321,-303.451,LCV,YEQA,0,0,4,-3.5,0
101.9002,-271.676,XJB,MZBER,0,0,3,-2.5,0
50.1341,-326,SAT,MZBER,0,0,4,-7.5,0
123.05080000000001,-303.0833,SAT,MZBER,0,0,3,-3.5,0
106.38409999999999,-322.25,LCV,MZBER,0,0,6,-5.5,0
117.94739999999999,-309.2924,XJB,MZBER,0,1,3,-3.5,0
107.7918,-308.43240000000003,XJB,PQKE,0,0,3,-4.5,0
109.6929,-286.2941,LCV,MZBER,0,0,3,-2.5,0
84.6796,-309.6364,LCV,MZBER,0,0,3,-7.5,0
85.199,-293.5325,LCV,MZBER,0,0,3,-6.5,0
117.63409999999999,-303.5,LCV,MZBER,0,0,3,-5.5,0
114.54509999999999,-280.13530000000003,XJB,MZBER,0,0,3,-2.5,0
82.6922,-301.969,LCV,MZBER,0,0,3,-4.5,0
115.28559999999999,-280.5455,LCV,MZBER,0,0,3,-3.5,0
107.8614,-292.5909,XJB,MZBER,0,0,3,-3.5,0
150.1341,-226,SAT,MZBER,0,0,3,-4.5,0
107.27699999999999,-275.2063,LCV,MZBER,0,0,3,-5.5,0
126.13409999999999,-288.6667,LCV,YEQA,0,0,3,-4.5,0
81.8008,-322.6667,LCV,MZBER,0,0,3,-7.5,0
79.9587,-313.7193,LCV,MZBER,0,0,3,-3.5,0
113.17759999999998,-286.8696,LCV,MZBER,0,0,3,-6.5,0
61.7972,-294.8985,XJB,MZBER,0,0,3,-3.5,0
91.51339999999999,-298.4138,SAT,MZBER,0,0,3,-7.5,0
98.971299999999985,-302.7442,SAT,MZBER,0,0,3,-5.5,0
109.1027,-302.009,XJB,MZBER,0,0,3,-5.5,0
150.1341,-326,SAT,MZBER,0,0,5,-5.5,0
50.1341,-326,SAT,MZBER,0,0,3,-5.5,0
116.80080000000001,-292.6667,SAT,MZBER,0,0,3,-5.5,0
82.8264,-308.6923,LCV,MZBER,0,0,3,-6.5,0
107.27699999999999,-304.5714,SAT,MZBER,0,0,3,-5.5,0
68.3159,-326,SAT,MZBER,0,0,6,-7.5,0
105.8484,-294.5714,LCV,MZBER,0,0,3,-7.5,0
114.999,-296.2703,SAT,MZBER,0,0,3,-5.5,0
101.2969,-307.3953,SAT,MZBER,0,0,4,-7.5,0
119.9454,-297.6981,LCV,MZBER,0,0,3,-6.5,0
84.916699999999992,-295.5652,LCV,MZBER,0,0,3,-6.5,0
122.90279999999998,-299.9526,QKP,PQKE,0,0,3,-3.5,0
82.3745,-317.2568,LCV,MZBER,0,0,3,-6.5,0
100.13409999999999,-276,SAT,MZBER,0,0,3,-7.5,0
107.27699999999999,-308.8571,SAT,MZBER,0,0,3,-4.5,0
95.032099999999986,-299.4694,LCV,MZBER,0,0,3,-6.5,0
114.27019999999999,-310.555,XJB,MZBER,0,0,3,-4.5,0
109.9933,-301.7042,XJB,MZBER,0,0,3,-2.5,0
150.1341,-326,SAT,MZBER,0,0,3,-6.5,0
108.4674,-301,LCV,MZBER,0,0,5,-7.5,0
117.99119999999999,-298.0238,LCV,MZBER,0,0,6,-7.5,0
110.9588,-308.4742,LCV,PQKE,0,0,3,-4.5,0
112.8207,-311.0746,LCV,MZBER,0,0,6,-3.5,0
101.64930000000001,-280.5455,SAT,MZBER,0,0,3,-2.5,0
121.47909999999999,-318.3977,LCV,MZBER,0,0,3,-6.5,0
111.8732,-299.913,LCV,MZBER,0,0,3,-3.5,0
92.991199999999992,-308.1429,SAT,MZBER,0,0,6,-5.5,0
92.163099999999986,-281.7971,LCV,MZBER,0,0,3,-3.5,0
115.13409999999999,-306,LCV,MZBER,0,0,3,-5.5,0
50.1341,-326,SAT,MZBER,0,0,6,-7.5,0
112.20309999999999,-308.7586,SAT,MZBER,0,0,3,-4.5,0
100.13409999999999,-326,SAT,MZBER,0,0,3,-5.5,0
119.3649,-302.9231,LCV,MZBER,0,0,3,-7.5,0
89.527999999999992,-316.9091,SAT,MZBER,0,0,3,-3.5,0
114.84,-302.4706,SAT,MZBER,0,0,3,-4.5,0
87.0906,-308.6087,LCV,MZBER,0,0,3,-5.5,0
102.4068,-286.3896,XJB,MZBER,0,0,3,-1.5,0
71.6395,-320.6237,LCV,MZBER,0,0,6,-5.5,0
90.030499999999989,-310.9741,LCV,MZBER,0,0,3,-5.5,0
111.4674,-280.6667,LCV,MZBER,0,0,3,-3.5,0
88.3694,-286.78430000000003,LCV,MZBER,0,0,3,-5.5,0
116.6765,-288.5349,QKP,MZBER,0,0,3,-6.5,0
83.9003,-303.9221,LCV,MZBER,0,0,3,-5.5,0
107.27699999999999,-296.4082,LCV,MZBER,0,0,3,-6.5,0
88.59559999999999,-306.5128,XJB,MZBER,0,0,3,-6.5,0
113.3416,-294.8679,LCV,MZBER,0,0,3,-4.5,0
107.4674,-308.6667,LCV,MZBER,0,0,5,-6.5,0
99.340399999999988,-291.0794,LCV,MZBER,0,0,3,-4.5,0
129.4444,-284.6207,SAT,MZBER,0,0,3,-7.5,0
129.3008,-284.3333,SAT,ZUQF,0,0,3,-3.5,0
92.525399999999991,-293.3913,LCV,MZBER,0,0,3,-3.5,0
77.0572,-295.2308,SAT,MZBER,0,0,3,-5.5,0
50.1341,-326,SAT,MZBER,0,0,6,-7.5,0
112.63409999999999,-313.5,SAT,MZBER,0,0,6,-7.5,0
87.389,-275.6732,LCV,MZBER,0,1,3,-7.5,0
105.6341,-311,LCV,MZBER,0,0,3,-4.5,0
99.330199999999991,-288.0579,XJB,MZBER,0,0,3,-5.5,0
65.9236,-315.4737,SAT,MZBER,0,0,6,-7.5,0
87.120399999999989,-304.0822,LCV,MZBER,0,0,6,-5.5,0
67.2073,-294.2927,LCV,MZBER,0,0,3,-7.5,0
100.13409999999999,-276,SAT,MZBER,0,0,3,-2.5,0
105.9623,-284.2822,LCV,MZBER,0,0,3,-4.5,0
112.00459999999998,-299.3813,XJB,MZBER,0,0,3,-6.5,0
85.955,-291.6716,SAT,MZBER,0,0,3,-4.5,0
50.1341,-326,LCV,MZBER,0,0,3,-7.5,0
119.3649,-286,LCV,MZBER,0,0,3,-5.5,0
116.8577,-288.453,QKP,MZBER,0,1,3,-3.5,0
139.5459,-281.2941,LCV,MZBER,0,0,3,-4.5,0
92.4418,-314.4615,SAT,MZBER,0,0,6,-6.5,0
95.8094,-310.2185,XJB,MZBER,0,0,4,-5.5,0
102.6228,-288.4434,LCV,YEQA,0,0,4,-3.5,0
103.4674,-286,SAT,MZBER,0,0,3,-6.5,0
99.758199999999988,-299.6842,SAT,MZBER,0,0,6,-1.5,0
150.1341,-326,SAT,MZBER,0,0,3,-2.5,0
91.371199999999988,-297.134,LCV,MZBER,0,0,3,-7.5,0
117.481,-289.2653,LCV,MZBER,0,0,3,-4.5,0
124.27199999999999,-301,LCV,MZBER,0,0,3,-7.5,0
122.4418,-319.8462,LCV,MZBER,0,0,6,-6.5,0
105.2361,-289.2653,LCV,MZBER,0,0,3,-6.5,0
111.2948,-299.6607,XJB,MZBER,0,0,4,-5.5,0
98.782699999999991,-293.56759999999997,SAT,MZBER,0,0,3,-5.5,0
50.1341,-326,SAT,MZBER,0,0,3,-6.5,0
67.634099999999989,-308.5,LCV,MZBER,0,0,3,-6.5,0
110.4789,-298.4138,LCV,MZBER,0,0,3,-5.5,0
102.4418,-276.7692,LCV,MZBER,0,1,3,-7.5,0
50.1341,-326,SAT,MZBER,0,0,3,-7.5,0
110.13409999999999,-308.8571,SAT,MZBER,1,1,6,-5.5,1
117.52179999999998,-288.5624,XJB,MZBER,0,0,3,-3.5,0
50.1341,-326,LCV,MZBER,0,0,3,-5.5,0
123.8183,-307.5789,SAT,MZBER,0,0,3,-6.5,0
110.04400000000001,-308.8829,XJB,MZBER,0,0,3,-7.5,0
80.9983,-319.8272,LCV,MZBER,0,0,3,-6.5,0
104.6796,-298.7273,SAT,MZBER,0,0,3,-5.5,0
71.029599999999988,-297.6418,LCV,MZBER,0,0,3,-6.5,0
86.7678,-276.495,LCV,MZBER,0,0,3,-7.5,0
87.1711,-271.679,LCV,MZBER,0,0,3,-4.5,0
120.9674,-292.6667,SAT,MZBER,0,0,3,-4.5,0
100.13409999999999,-304.3784,LCV,MZBER,0,0,3,-6.5,0
94.578499999999991,-303.7778,SAT,MZBER,0,0,3,-3.5,0
107.27699999999999,-290.2857,LCV,MZBER,0,0,3,-6.5,0
118.05859999999998,-297.6981,LCV,MZBER,0,0,3,-2.5,0
99.7637,-274.8889,LCV,MZBER,0,0,3,-1.5,0
107.27699999999999,-321.2381,SAT,MZBER,0,0,3,-6.5,0
120.30949999999999,-301.4386,LCV,MZBER,0,0,3,-6.5,0
50.1341,-326,SAT,MZBER,0,0,6,-7.5,0
104.8511,-299.5849,LCV,MZBER,0,0,3,-5.5,0
82.134099999999989,-307.2,XJB,MZBER,0,0,3,-6.5,0
98.5212,-287.2903,SAT,MZBER,0,0,3,-3.5,0
120.3469,-311.1064,SAT,MZBER,0,0,3,-7.5,0
105.9481,-288.7907,SAT,MZBER,0,0,6,-4.5,0
110.6604,-295.7368,LCV,MZBER,0,0,3,-7.5,0
93.2714,-296.3081,XJB,MZBER,0,0,3,-2.5,0
135.8484,-226,SAT,MZBER,0,0,3,-3.5,0
105.58859999999999,-293.2727,LCV,MZBER,0,0,3,-4.5,0
85.2692,-282.7568,LCV,MZBER,0,0,6,-4.5,0
113.88409999999999,-304.75,LCV,MZBER,0,0,4,-4.5,0
125.13409999999999,-301,SAT,MZBER,0,0,3,-7.5,0
112.90469999999999,-292.2338,XJB,MZBER,0,0,3,-6.5,0
100.13409999999999,-309.3333,SAT,MZBER,0,0,3,-4.5,0
126.3791,-297.5073,QKP,MZBER,0,0,3,-1.5,0
124.7373,-265.6825,LCV,MZBER,0,0,3,-3.5,0
119.2114,-298.0698,XJB,MZBER,0,0,3,-7.5,0
100.5727,-306.7018,XJB,MZBER,0,0,3,-4.5,0
122.08769999999998,-305.4971,XJB,ZUQF,0,0,3,-1.5,0
108.4797,-289.2201,QKP,MZBER,1,1,3,-4.5,1
122.8614,-307.8182,SAT,MZBER,0,0,3,-4.5,0
118.61240000000001,-291.2174,LCV,MZBER,0,0,5,-3.5,0
112.33879999999999,-288.9921,XJB,MZBER,0,0,3,-7.5,0
105.78629999999998,-266.8696,LCV,MZBER,0,0,3,-2.5,0
93.6124,-308.6087,SAT,MZBER,0,0,3,-7.5,0
101.5415,-290.1481,XJB,MZBER,0,0,3,-4.5,0
116.80080000000001,-298.549,LCV,MZBER,0,0,3,-6.5,0
80.9033,-310.6154,SAT,MZBER,0,1,3,-6.5,0
139.3903,-288.80989999999997,LCV,MZBER,0,0,3,-3.5,1
118.638,-284.2677,LCV,MZBER,0,0,3,-2.5,0
50.1341,-326,SAT,MZBER,0,0,3,-6.5,0
100.13409999999999,-302.4706,LCV,MZBER,0,0,3,-5.5,0
115.27169999999998,-282.8807,LCV,MZBER,0,0,3,-5.5,0
50.1341,-326,SAT,MZBER,0,0,6,-6.5,0
117.458,-291.9155,QKP,MZBER,0,0,3,-2.5,0
124.29140000000001,-297.9101,LCV,MZBER,0,0,3,-6.5,0
109.10849999999999,-272.1538,SAT,MZBER,0,0,3,-7.5,0
107.7099,-283.5758,SAT,MZBER,0,0,3,-3.5,0
69.881999999999991,-315.0756,XJB,MZBER,0,0,3,-7.5,0
109.2964,-289.3508,LCV,MZBER,0,0,3,-3.5,0
150.1341,-326,SAT,MZBER,0,0,3,-5.5,0
83.2327,-311.9155,LCV,MZBER,0,0,3,-4.5,0
50.1341,-326,LCV,MZBER,0,0,3,-6.5,0
50.1341,-326,SAT,MZBER,0,0,3,-6.5,0
114.8048,-285.2814,XJB,MZBER,0,0,3,-4.5,0
116.76409999999998,-290.1012,QKP,MZBER,0,1,6,-2.5,1
91.9523,-311.4545,LCV,MZBER,0,0,3,-6.5,0
117.99119999999999,-276,SAT,MZBER,0,0,3,-7.5,0
125.89169999999999,-294.6869,LCV,MZBER,0,0,3,-7.5,0
90.4633,-295.5473,XJB,MZBER,0,0,3,-2.5,0
128.6429,-282.5789,XJB,MZBER,0,0,3,-4.5,0
150.1341,-301,SAT,MZBER,0,0,3,-7.5,0
82.892699999999991,-303.5862,LCV,MZBER,0,0,6,-7.5,0
89.48599999999999,-293.5926,XJB,MZBER,0,0,3,-5.5,0
121.38409999999999,-274.75,LCV,MZBER,0,0,3,-3.5,0
101.64930000000001,-319.9394,SAT,MZBER,0,0,3,-6.5,0
97.4314,-283.6577,XJB,MZBER,0,0,3,-4.5,0
50.1341,-326,SAT,MZBER,0,0,6,-4.5,0
50.1341,-326,SAT,MZBER,0,0,6,-6.5,0
129.0073,-286.7199,XJB,YEQA,0,0,3,-1.5,0
116.80080000000001,-286.8333,LCV,MZBER,0,0,3,-4.5,0
81.096399999999988,-308.0084,LCV,MZBER,0,0,4,-3.5,0
102.2299,-309.2335,LCV,MZBER,0,0,4,-4.5,0
94.961700000000008,-288.069,LCV,MZBER,0,0,3,-2.5,0
50.1341,-326,SAT,MZBER,0,0,4,-7.5,0
121.5627,-268.8571,SAT,MZBER,0,0,3,-7.5,0
86.582699999999988,-297.9626,LCV,MZBER,0,0,3,-5.5,0
106.54140000000001,-306.4348,QKP,PQKE,0,0,3,-2.5,0
81.6558,-314.0435,LCV,MZBER,0,0,3,-6.5,0
119.25479999999999,-283.6687,QKP,MZBER,0,0,3,-2.5,0
106.241,-294.7023,XJB,YEQA,0,0,3,-2.5,0
127.0572,-295.2308,SAT,MZBER,0,0,3,-5.5,0
114.46529999999998,-290.3312,LCV,MZBER,0,0,3,-5.5,0
118.88409999999999,-269.75,LCV,MZBER,0,0,3,-5.5,0
